timeArrival;ID_Container;Ubicacion;Bloque;Bahia;Altura;Pila
6/6/2023 3:52;CONTD00873;Terminal A  Area 1;1;13;1;4
6/6/2023 3:53;CONTD00580;Terminal A  Area 1;1;10;1;2
6/6/2023 3:27;CONTD00540;Terminal A  Area 1;1;5;1;1
6/6/2023 3:32;CONTD00886;Terminal A  Area 1;1;7;1;2
6/6/2023 3:52;CONTD00469;Terminal A  Area 1;1;6;1;4
6/6/2023 3:53;CONTD00851;Terminal A  Area 1;1;8;1;5
6/6/2023 3:53;CONTD00374;Terminal A  Area 1;1;17;1;2
6/6/2023 3:30;CONTD00202;Terminal A  Area 1;1;8;1;4
6/6/2023 3:52;CONTD00140;Terminal A  Area 1;1;18;1;2
6/6/2023 3:53;CONTD00750;Terminal A  Area 1;1;4;1;4
6/6/2023 3:36;CONTD00866;Terminal A  Area 1;1;6;1;3
6/6/2023 3:53;CONTD00952;Terminal A  Area 1;1;11;1;4
6/6/2023 3:29;CONTD0014;Terminal A  Area 1;1;19;1;2
6/6/2023 3:53;CONTD00506;Terminal A  Area 1;1;2;1;2
6/6/2023 3:15;CONTD00382;Terminal A  Area 1;1;14;1;3
6/6/2023 3:21;CONTD00968;Terminal A  Area 1;1;11;1;2
6/6/2023 3:27;CONTD0052;Terminal A  Area 1;1;18;1;4
6/6/2023 3:19;CONTD0054;Terminal A  Area 1;1;9;1;2
6/6/2023 3:17;CONTD00192;Terminal A  Area 1;1;17;1;4
6/6/2023 3:52;CONTD00265;Terminal A  Area 1;1;17;2;4
6/6/2023 3:53;CONTD00232;Terminal A  Area 1;1;5;1;3
6/6/2023 3:24;CONTD00756;Terminal A  Area 1;1;5;2;3
6/6/2023 3:54;CONTD0099;Terminal A  Area 1;1;12;1;5
6/6/2023 3:24;CONTD00518;Terminal A  Area 1;1;12;2;5
6/6/2023 3:36;CONTD0028;Terminal A  Area 1;1;12;3;5
6/6/2023 3:52;CONTD00938;Terminal A  Area 1;2;15;1;2
6/6/2023 3:37;CONTD00918;Terminal A  Area 1;2;16;1;3
6/6/2023 3:53;CONTD00879;Terminal A  Area 1;2;2;1;5
6/6/2023 3:17;CONTD00375;Terminal A  Area 1;2;17;1;5
6/6/2023 3:21;CONTD0068;Terminal A  Area 1;2;15;1;5
6/6/2023 3:26;CONTD00813;Terminal A  Area 1;2;6;1;4
6/6/2023 3:35;CONTD00912;Terminal A  Area 1;2;10;1;3
6/6/2023 3:52;CONTD00773;Terminal A  Area 1;2;17;1;4
6/6/2023 3:53;CONTD00801;Terminal A  Area 1;2;2;1;4
6/6/2023 3:52;CONTD00113;Terminal A  Area 1;2;3;1;4
6/6/2023 3:52;CONTD00741;Terminal A  Area 1;2;19;1;3
6/6/2023 3:52;CONTD00196;Terminal A  Area 1;2;7;1;4
6/6/2023 3:53;CONTD00693;Terminal A  Area 1;2;16;1;1
6/6/2023 3:53;CONTD0070;Terminal A  Area 1;2;16;1;2
6/6/2023 3:53;CONTD00440;Terminal A  Area 1;2;10;1;4
6/6/2023 3:53;CONTD00135;Terminal A  Area 1;2;3;1;3
6/6/2023 3:15;CONTD0047;Terminal A  Area 1;2;13;1;2
6/6/2023 3:36;CONTD00249;Terminal A  Area 1;2;13;1;1
6/6/2023 3:17;CONTD00771;Terminal A  Area 1;2;5;1;3
6/6/2023 3:52;CONTD00535;Terminal A  Area 1;2;13;2;1
6/6/2023 3:52;CONTD00144;Terminal A  Area 1;2;5;2;3
6/6/2023 3:30;CONTD00558;Terminal A  Area 1;2;13;2;2
6/6/2023 3:18;CONTD00324;Terminal A  Area 1;3;14;1;3
6/6/2023 3:28;CONTD00364;Terminal A  Area 1;3;11;1;3
6/6/2023 3:29;CONTD00710;Terminal A  Area 1;3;4;1;3
6/6/2023 3:52;CONTD0060;Terminal A  Area 1;3;9;1;2
6/6/2023 3:28;CONTD00285;Terminal A  Area 1;3;16;2;1
6/6/2023 3:52;CONTD00500;Terminal A  Area 1;3;7;2;2
6/6/2023 3:23;CONTD00885;Terminal A  Area 1;3;18;3;1
6/6/2023 3:37;CONTD00105;Terminal A  Area 1;3;15;3;3
6/6/2023 3:52;CONTD00301;Terminal A  Area 1;3;9;3;5
6/6/2023 3:53;CONTD00897;Terminal A  Area 1;3;13;3;4
6/6/2023 3:19;CONTD00125;Terminal A  Area 1;3;19;4;1
6/6/2023 3:52;CONTD00351;Terminal A  Area 1;3;8;4;1
6/6/2023 3:30;CONTD0038;Terminal A  Area 1;3;4;5;4
6/6/2023 3:30;CONTD00605;Terminal A  Area 1;3;15;6;4
6/6/2023 3:25;CONTD00326;Terminal A  Area 1;3;7;7;1
6/6/2023 3:53;CONTD00665;Terminal A  Area 1;3;19;7;2
6/6/2023 3:53;CONTD0079;Terminal A  Area 1;3;17;7;3
6/6/2023 3:29;CONTD0072;Terminal A  Area 1;3;12;1;4
6/6/2023 3:53;CONTD00458;Terminal A  Area 1;3;13;1;3
6/6/2023 3:35;CONTD00400;Terminal A  Area 1;3;3;1;4
6/6/2023 3:31;CONTD00839;Terminal A  Area 1;3;3;2;4
6/6/2023 3:34;CONTD00188;Terminal A  Area 1;3;12;2;4
6/6/2023 3:36;CONTD00160;Terminal A  Area 1;3;3;1;2
6/6/2023 3:52;CONTD00142;Terminal A  Area 1;3;3;2;2
6/6/2023 3:53;CONTD00940;Terminal A  Area 1;3;13;2;3
6/6/2023 3:54;CONTD00860;Terminal A  Area 1;3;3;3;2
6/6/3923 4:48;CONTD00373;Terminal A  Area 2;2;1;1;2
6/6/3923 4:48;CONTD00819;Terminal A  Area 2;2;7;1;4
6/6/3923 4:49;CONTD00531;Terminal A  Area 2;2;1;1;5
6/6/3923 4:53;CONTD00584;Terminal A  Area 2;2;1;2;5
6/6/3923 4:52;CONTD00496;Terminal A  Area 2;2;1;2;2
6/6/2023 4:52;CONTD00373;Terminal A  Area 2;2;2;1;1
6/6/3923 4:38;CONTD00281;Terminal A  Area 2;2;2;1;4
6/6/3923 4:38;CONTD00125;Terminal A  Area 2;2;2;2;4
6/6/3923 4:35;CONTD00232;Terminal A  Area 2;2;3;1;2
6/6/3923 4:40;CONTD00422;Terminal A  Area 2;2;5;1;2
6/6/3923 4:55;CONTD00639;Terminal A  Area 2;2;7;1;4
6/6/3923 4:52;CONTD00876;Terminal A  Area 2;2;2;3;4
6/6/2023 4:38;CONTD00762;Terminal A  Area 2;2;2;2;1
6/6/3923 4:54;CONTD00316;Terminal A  Area 2;2;14;1;2
6/6/3923 4:35;CONTD00652;Terminal A  Area 2;2;4;1;3
6/6/3923 4:41;CONTD00792;Terminal A  Area 2;2;3;2;2
6/6/3923 4:53;CONTD00124;Terminal A  Area 2;2;4;2;3
6/6/3923 4:37;CONTD00776;Terminal A  Area 2;2;7;1;4
6/6/3923 4:51;CONTD00602;Terminal A  Area 2;2;4;1;2
6/6/3923 4:43;CONTD00453;Terminal A  Area 2;2;4;3;3
6/6/3923 4:45;CONTD00836;Terminal A  Area 2;2;6;1;3
6/6/3923 4:36;CONTD00605;Terminal A  Area 2;2;6;2;3
6/6/3923 4:36;CONTD00755;Terminal A  Area 2;2;4;2;2
6/6/3923 4:36;CONTD00421;Terminal A  Area 2;2;5;1;1
6/6/3923 4:40;CONTD00646;Terminal A  Area 2;2;1;1;3
6/6/3923 4:47;CONTD00981;Terminal A  Area 2;2;6;1;4
6/6/3923 4:42;CONTD00493;Terminal A  Area 2;2;5;2;2
6/6/3923 4:57;CONTD0023;Terminal A  Area 2;2;5;2;1
6/6/3923 4:41;CONTD00502;Terminal A  Area 2;2;18;1;5
6/6/3923 4:45;CONTD00827;Terminal A  Area 2;2;6;1;1
6/6/3923 4:42;CONTD00331;Terminal A  Area 2;2;7;1;5
6/6/3923 4:44;CONTD00761;Terminal A  Area 2;2;5;3;2
6/6/3923 4:43;CONTD00485;Terminal A  Area 2;2;2;1;3
6/6/3923 4:57;CONTD00351;Terminal A  Area 2;2;6;2;1
6/6/2023 4:52;CONTD00784;Terminal A  Area 2;2;2;3;1
6/6/3923 4:35;CONTD00977;Terminal A  Area 2;2;5;4;2
6/6/3923 4:40;CONTD00414;Terminal A  Area 2;2;8;1;3
6/6/3923 4:44;CONTD0055;Terminal A  Area 2;2;8;1;2
6/6/3923 4:42;CONTD00671;Terminal A  Area 2;2;6;2;4
6/6/3923 4:52;CONTD0018;Terminal A  Area 2;2;6;3;3
6/6/3923 4:52;CONTD00751;Terminal A  Area 2;2;8;2;2
6/6/3923 4:53;CONTD00730;Terminal A  Area 2;2;8;2;3
6/6/3923 4:57;CONTD00701;Terminal A  Area 2;2;9;1;3
6/6/2023 4:55;CONTD0017;Terminal A  Area 2;2;2;4;1
6/6/3923 4:51;CONTD00326;Terminal A  Area 2;2;3;1;4
6/6/3923 4:52;CONTD00274;Terminal A  Area 2;2;4;1;5
6/6/2023 4:42;CONTD00793;Terminal A  Area 2;2;2;5;1
6/6/3923 4:38;CONTD00752;Terminal A  Area 2;2;9;1;2
6/6/3923 4:54;CONTD00389;Terminal A  Area 2;2;9;1;4
6/6/3923 4:48;CONTD00194;Terminal A  Area 2;2;9;2;2
6/6/3923 4:50;CONTD00240;Terminal A  Area 2;2;7;1;4
6/6/2023 4:48;CONTD00346;Terminal A  Area 2;2;2;6;1
6/6/3923 4:48;CONTD00940;Terminal A  Area 2;2;9;2;4
6/6/3923 4:37;CONTD00866;Terminal A  Area 2;2;7;1;1
6/6/3923 4:57;CONTD00883;Terminal A  Area 2;2;9;2;3
6/6/2023 4:51;CONTD00305;Terminal A  Area 2;2;7;1;3
6/6/3923 4:53;CONTD00223;Terminal A  Area 2;2;7;1;4
6/6/3923 4:39;CONTD0041;Terminal A  Area 2;2;6;3;4
6/6/2023 4:55;CONTD00336;Terminal A  Area 2;2;7;2;3
6/6/3923 4:53;CONTD00546;Terminal A  Area 2;2;7;2;1
6/6/3923 4:42;CONTD00230;Terminal A  Area 2;2;10;1;2
6/6/2023 4:49;CONTD00183;Terminal A  Area 2;2;7;3;3
6/6/3923 4:39;CONTD00896;Terminal A  Area 2;2;7;1;2
6/6/3923 4:57;CONTD00567;Terminal A  Area 2;2;7;2;2
6/6/3923 4:40;CONTD00872;Terminal A  Area 2;2;19;1;2
6/6/3923 4:41;CONTD00546;Terminal A  Area 2;2;4;1;4
6/6/3923 4:54;CONTD0035;Terminal A  Area 2;2;7;3;1
6/6/3923 4:43;CONTD00404;Terminal A  Area 2;2;11;1;5
6/6/3923 4:35;CONTD00394;Terminal A  Area 2;2;7;3;2
6/6/3923 4:55;CONTD00967;Terminal A  Area 2;2;7;4;1
6/6/3923 4:45;CONTD00717;Terminal A  Area 2;2;10;2;2
6/6/3923 4:49;CONTD00897;Terminal A  Area 2;2;10;1;1
6/6/3923 4:49;CONTD00896;Terminal A  Area 2;2;10;1;5
6/6/3923 4:46;CONTD0029;Terminal A  Area 2;2;3;1;3
6/6/3923 4:56;CONTD0023;Terminal A  Area 2;2;8;1;4
6/6/3923 4:35;CONTD00730;Terminal A  Area 2;2;10;1;3
6/6/3923 4:36;CONTD00405;Terminal A  Area 2;2;10;1;3
6/6/3923 4:46;CONTD00797;Terminal A  Area 2;2;10;2;1
6/6/3923 4:48;CONTD00358;Terminal A  Area 2;2;10;2;5
6/6/3923 4:49;CONTD00889;Terminal A  Area 2;2;11;1;4
6/6/3923 4:50;CONTD00259;Terminal A  Area 2;2;1;1;4
6/6/3923 4:36;CONTD00776;Terminal A  Area 2;2;11;2;4
6/6/3923 4:38;CONTD00170;Terminal A  Area 2;2;8;2;4
6/6/2023 4:51;CONTD00800;Terminal A  Area 2;2;7;4;3
6/6/3923 4:56;CONTD00349;Terminal A  Area 2;2;8;1;5
6/6/3923 4:41;CONTD00473;Terminal A  Area 2;2;8;3;4
6/6/3923 4:47;CONTD00646;Terminal A  Area 2;2;10;1;3
6/6/3923 4:38;CONTD00545;Terminal A  Area 2;2;8;4;4
6/6/2023 4:40;CONTD00456;Terminal A  Area 2;2;7;5;3
6/6/3923 4:42;CONTD00273;Terminal A  Area 2;2;12;1;2
6/6/3923 4:35;CONTD00926;Terminal A  Area 2;2;12;1;1
6/6/3923 4:35;CONTD00317;Terminal A  Area 2;2;8;2;5
6/6/3923 4:45;CONTD00597;Terminal A  Area 2;2;12;2;1
6/6/3923 4:54;CONTD00672;Terminal A  Area 2;2;13;1;5
6/6/3923 4:36;CONTD00376;Terminal A  Area 2;2;5;1;3
6/6/3923 4:38;CONTD00417;Terminal A  Area 2;2;13;2;5
6/6/3923 4:46;CONTD00321;Terminal A  Area 2;2;12;2;2
6/6/3923 4:39;CONTD00970;Terminal A  Area 2;2;10;1;3
6/6/3923 4:40;CONTD00510;Terminal A  Area 2;2;11;1;2
6/6/3923 4:48;CONTD00486;Terminal A  Area 2;2;12;3;2
6/6/3923 4:56;CONTD00849;Terminal A  Area 2;2;12;4;2
6/6/2023 4:55;CONTD00371;Terminal A  Area 2;2;7;6;3
6/6/3923 4:36;CONTD00360;Terminal A  Area 2;2;13;1;4
6/6/3923 4:42;CONTD00698;Terminal A  Area 2;2;4;1;1
6/6/3923 4:40;CONTD00554;Terminal A  Area 2;2;8;3;5
6/6/3923 4:39;CONTD0077;Terminal A  Area 2;2;10;1;3
6/6/3923 4:49;CONTD00174;Terminal A  Area 2;2;9;1;1
6/6/3923 4:36;CONTD00953;Terminal A  Area 2;2;13;2;4
6/6/3923 4:45;CONTD00445;Terminal A  Area 2;2;19;1;5
6/6/3923 4:47;CONTD00450;Terminal A  Area 2;2;16;1;4
6/6/3923 4:35;CONTD00245;Terminal A  Area 2;2;16;1;2
6/6/3923 4:47;CONTD00399;Terminal A  Area 2;2;16;1;2
6/6/3923 4:43;CONTD00883;Terminal A  Area 2;2;9;2;1
6/6/3923 4:51;CONTD00368;Terminal A  Area 2;2;14;1;3
6/6/2023 4:53;CONTD00848;Terminal A  Area 2;2;13;1;3
6/6/3923 4:42;CONTD00672;Terminal A  Area 2;2;16;2;4
6/6/3923 4:42;CONTD00394;Terminal A  Area 2;2;14;2;3
6/6/3923 4:37;CONTD00483;Terminal A  Area 2;2;9;3;1
6/6/3923 4:50;CONTD00890;Terminal A  Area 2;2;15;1;5
6/6/3923 4:34;CONTD00882;Terminal A  Area 2;2;12;1;3
6/6/3923 4:47;CONTD00364;Terminal A  Area 2;2;16;1;2
6/6/3923 4:35;CONTD00109;Terminal A  Area 2;2;15;1;2
6/6/3923 4:52;CONTD00113;Terminal A  Area 2;2;5;1;4
6/6/3923 4:46;CONTD0052;Terminal A  Area 2;2;16;3;4
6/6/3923 4:41;CONTD00298;Terminal A  Area 2;2;16;1;2
6/6/3923 4:55;CONTD00650;Terminal A  Area 2;2;16;4;4
6/6/3923 4:56;CONTD00524;Terminal A  Area 2;2;12;2;3
6/6/3923 4:46;CONTD00345;Terminal A  Area 2;2;17;1;1
6/6/3923 4:49;CONTD00122;Terminal A  Area 2;2;16;1;2
6/6/2023 4:36;CONTD0075;Terminal A  Area 2;2;13;2;3
6/6/3923 4:36;CONTD0041;Terminal A  Area 2;2;12;3;3
6/6/3923 4:35;CONTD00252;Terminal A  Area 2;2;15;1;1
6/6/2023 4:37;CONTD00381;Terminal A  Area 2;2;13;3;3
6/6/3923 4:49;CONTD00884;Terminal A  Area 2;2;13;1;2
6/6/3923 4:56;CONTD00578;Terminal A  Area 2;2;15;2;2
6/6/3923 4:44;CONTD00117;Terminal A  Area 2;2;16;1;1
6/6/3923 4:54;CONTD00643;Terminal A  Area 2;2;17;2;4
6/6/3923 4:50;CONTD00158;Terminal A  Area 2;2;13;2;2
6/6/3923 4:47;CONTD00785;Terminal A  Area 2;2;13;3;2
6/6/3923 4:51;CONTD00195;Terminal A  Area 2;2;17;2;1
6/6/3923 4:47;CONTD00187;Terminal A  Area 2;2;17;3;2
6/6/3923 4:53;CONTD00421;Terminal A  Area 2;2;17;3;4
6/6/3923 4:39;CONTD00436;Terminal A  Area 2;2;17;4;2
6/6/3923 4:41;CONTD00794;Terminal A  Area 2;2;3;1;5
6/6/2023 4:47;CONTD0034;Terminal A  Area 2;2;13;4;3
6/6/3923 4:45;CONTD00415;Terminal A  Area 2;2;16;2;1
6/6/3923 4:50;CONTD00947;Terminal A  Area 2;2;14;1;5
6/6/3923 4:55;CONTD0029;Terminal A  Area 2;2;14;2;5
6/6/3923 4:57;CONTD00300;Terminal A  Area 2;2;17;1;5
6/6/3923 4:50;CONTD00403;Terminal A  Area 2;2;14;3;5
6/6/2023 4:54;CONTD00748;Terminal A  Area 2;2;13;5;3
6/6/3923 4:56;CONTD00944;Terminal A  Area 2;2;17;3;1
6/6/3923 4:44;CONTD00645;Terminal A  Area 2;2;17;4;4
6/6/2023 4:44;CONTD00155;Terminal A  Area 2;2;13;6;3
6/6/3923 4:36;CONTD00302;Terminal A  Area 2;2;15;1;3
6/6/3923 4:51;CONTD00278;Terminal A  Area 2;2;17;4;2
6/6/3923 4:54;CONTD00183;Terminal A  Area 2;2;17;4;1
6/6/2023 4:44;CONTD00401;Terminal A  Area 2;2;15;1;4
6/6/3923 4:42;CONTD00555;Terminal A  Area 2;2;17;2;5
6/6/3923 4:43;CONTD00264;Terminal A  Area 2;2;15;2;3
6/6/3923 4:49;CONTD00355;Terminal A  Area 2;2;15;3;3
6/6/3923 4:39;CONTD00806;Terminal A  Area 2;2;18;1;2
6/6/3923 4:54;CONTD0030;Terminal A  Area 2;2;17;4;4
6/6/3923 4:39;CONTD00636;Terminal A  Area 2;2;17;6;4
6/6/2023 4:46;CONTD00298;Terminal A  Area 2;2;15;2;4
6/6/3923 4:35;CONTD00693;Terminal A  Area 2;2;16;1;3
6/6/3923 4:49;CONTD00414;Terminal A  Area 2;2;18;1;3
6/6/3923 4:45;CONTD00626;Terminal A  Area 2;2;16;2;3
6/6/3923 4:53;CONTD00160;Terminal A  Area 2;2;18;2;3
6/6/3923 4:55;CONTD00868;Terminal A  Area 2;2;18;1;4
6/6/3923 4:45;CONTD00696;Terminal A  Area 2;2;18;2;4
6/6/3923 4:48;CONTD00812;Terminal A  Area 2;2;18;2;2
6/6/3923 4:51;CONTD00583;Terminal A  Area 2;2;18;3;3
6/6/3923 4:56;CONTD00551;Terminal A  Area 2;2;16;3;3
6/6/3923 4:36;CONTD00911;Terminal A  Area 2;2;18;1;1
6/6/3923 4:45;CONTD00892;Terminal A  Area 2;2;17;1;3
6/6/3923 4:37;CONTD00555;Terminal A  Area 2;2;18;2;1
6/6/3923 4:38;CONTD00724;Terminal A  Area 2;2;17;2;3
6/6/3923 4:53;CONTD00406;Terminal A  Area 2;2;17;6;2
6/6/2023 4:56;CONTD00304;Terminal A  Area 2;2;15;3;4
6/6/3923 4:41;CONTD00431;Terminal A  Area 2;2;8;1;1
6/6/2023 4:35;CONTD00211;Terminal A  Area 2;2;15;4;4
6/6/3923 4:44;CONTD00165;Terminal A  Area 2;2;9;1;5
6/6/3923 4:45;CONTD0095;Terminal A  Area 2;2;17;7;2
6/6/3923 4:46;CONTD00207;Terminal A  Area 2;2;18;4;3
6/6/3923 4:49;CONTD00779;Terminal A  Area 2;2;14;1;4
6/6/2023 4:41;CONTD00165;Terminal A  Area 2;2;15;5;4
6/6/2023 4:50;CONTD00202;Terminal A  Area 2;2;15;6;4
6/6/3923 4:54;CONTD00402;Terminal A  Area 2;2;17;3;3
6/6/3923 4:42;CONTD00385;Terminal A  Area 2;1;14;1;2
6/6/3923 4:43;CONTD00750;Terminal A  Area 2;1;1;1;3
6/6/2023 4:50;CONTD00213;Terminal A  Area 2;1;3;1;3
6/6/3923 4:46;CONTD00145;Terminal A  Area 2;1;16;1;3
6/6/3923 4:50;CONTD0037;Terminal A  Area 2;1;16;1;5
6/6/3923 4:36;CONTD00876;Terminal A  Area 2;1;19;1;4
6/6/3923 4:36;CONTD00114;Terminal A  Area 2;1;12;2;3
6/6/3923 4:37;CONTD00100;Terminal A  Area 2;1;12;2;3
6/6/3923 4:37;CONTD00495;Terminal A  Area 2;1;4;2;3
6/6/3923 4:37;CONTD00732;Terminal A  Area 2;1;6;2;2
6/6/3923 4:37;CONTD00134;Terminal A  Area 2;1;10;1;2
6/6/3923 4:41;CONTD00873;Terminal A  Area 2;1;9;2;4
6/6/2023 4:55;CONTD00889;Terminal A  Area 2;1;3;1;2
6/6/3923 4:44;CONTD0084;Terminal A  Area 2;1;16;2;3
6/6/2023 4:45;CONTD00769;Terminal A  Area 2;1;3;2;3
6/6/3923 4:45;CONTD00736;Terminal A  Area 2;1;13;1;3
6/6/3923 4:45;CONTD00927;Terminal A  Area 2;1;2;2;4
6/6/3923 4:46;CONTD00365;Terminal A  Area 2;1;7;1;5
6/6/3923 4:49;CONTD00735;Terminal A  Area 2;1;3;1;5
6/6/2023 4:39;CONTD00322;Terminal A  Area 2;1;3;2;2
6/6/3923 4:49;CONTD0053;Terminal A  Area 2;1;4;2;3
6/6/2023 4:38;CONTD00265;Terminal A  Area 2;1;4;1;4
6/6/3923 4:51;CONTD0013;Terminal A  Area 2;1;1;1;2
6/6/2023 4:50;CONTD00502;Terminal A  Area 2;1;4;2;4
6/6/2023 4:44;CONTD00885;Terminal A  Area 2;1;7;1;2
6/6/3923 4:55;CONTD00378;Terminal A  Area 2;1;5;2;2
6/6/2023 4:47;CONTD00671;Terminal A  Area 2;1;7;2;2
6/6/3923 4:55;CONTD00794;Terminal A  Area 2;1;16;2;4
6/6/3923 4:34;CONTD00192;Terminal A  Area 2;1;14;3;4
6/6/3923 4:43;CONTD00592;Terminal A  Area 2;1;4;3;2
6/6/3923 4:44;CONTD00330;Terminal A  Area 2;1;9;3;3
6/6/3923 4:45;CONTD00977;Terminal A  Area 2;1;12;3;3
6/6/2023 4:49;CONTD00379;Terminal A  Area 2;1;8;1;1
6/6/2023 4:52;CONTD00739;Terminal A  Area 2;1;8;1;3
6/6/3923 4:48;CONTD0096;Terminal A  Area 2;1;14;3;3
6/6/3923 4:52;CONTD00270;Terminal A  Area 2;1;5;3;2
6/6/2023 4:54;CONTD00808;Terminal A  Area 2;1;8;1;4
6/6/3923 4:37;CONTD00861;Terminal A  Area 2;1;2;4;4
6/6/3923 4:37;CONTD00143;Terminal A  Area 2;1;15;1;4
6/6/2023 4:46;CONTD00628;Terminal A  Area 2;1;8;2;3
6/6/3923 4:39;CONTD00186;Terminal A  Area 2;1;9;4;3
6/6/2023 4:40;CONTD00693;Terminal A  Area 2;1;8;2;4
6/6/3923 4:40;CONTD00325;Terminal A  Area 2;1;14;4;4
6/6/2023 4:51;CONTD00486;Terminal A  Area 2;1;8;2;1
6/6/3923 4:43;CONTD00564;Terminal A  Area 2;1;4;1;5
6/6/2023 4:46;CONTD00723;Terminal A  Area 2;1;10;1;1
6/6/2023 4:47;CONTD00300;Terminal A  Area 2;1;10;2;1
6/6/2023 4:42;CONTD00161;Terminal A  Area 2;1;11;1;2
6/6/3923 4:47;CONTD00641;Terminal A  Area 2;1;6;1;5
6/6/3923 4:48;CONTD00404;Terminal A  Area 2;1;6;4;4
6/6/3923 4:50;CONTD00443;Terminal A  Area 2;1;13;1;4
6/6/3923 4:51;CONTD00145;Terminal A  Area 2;1;14;4;3
6/6/2023 4:53;CONTD00225;Terminal A  Area 2;1;11;1;2
6/6/3923 4:51;CONTD00872;Terminal A  Area 2;1;9;4;4
6/6/3923 4:52;CONTD00388;Terminal A  Area 2;1;19;1;5
6/6/3923 4:52;CONTD00241;Terminal A  Area 2;1;9;1;2
6/6/3923 4:53;CONTD00730;Terminal A  Area 2;1;2;1;3
6/6/3923 4:53;CONTD00555;Terminal A  Area 2;1;5;1;4
6/6/3923 4:53;CONTD00141;Terminal A  Area 2;1;4;4;3
6/6/3923 4:55;CONTD00864;Terminal A  Area 2;1;4;4;2
6/6/2023 4:48;CONTD00318;Terminal A  Area 2;1;11;2;3
6/6/3923 4:38;CONTD00161;Terminal A  Area 2;1;5;1;3
6/6/3923 4:39;CONTD003;Terminal A  Area 2;1;4;5;2
6/6/3923 4:40;CONTD00882;Terminal A  Area 2;1;17;5;3
6/6/3923 4:41;CONTD00737;Terminal A  Area 2;1;6;5;4
6/6/3923 4:42;CONTD00400;Terminal A  Area 2;1;2;1;2
6/6/3923 4:43;CONTD00205;Terminal A  Area 2;1;3;1;1
6/6/2023 4:54;CONTD0086;Terminal A  Area 2;1;11;2;3
6/6/2023 4:37;CONTD00779;Terminal A  Area 2;1;12;1;2
6/6/3923 4:48;CONTD00382;Terminal A  Area 2;1;9;5;4
6/6/3923 4:48;CONTD00171;Terminal A  Area 2;1;6;5;4
6/6/2023 4:41;CONTD00592;Terminal A  Area 2;1;12;2;2
6/6/3923 4:50;CONTD00297;Terminal A  Area 2;1;15;1;2
6/6/3923 4:51;CONTD00183;Terminal A  Area 2;1;16;5;4
6/6/3923 4:53;CONTD00431;Terminal A  Area 2;1;10;1;4
6/6/3923 4:57;CONTD00842;Terminal A  Area 2;1;5;5;2
6/6/3923 4:35;CONTD00100;Terminal A  Area 2;1;12;6;4
6/6/3923 4:36;CONTD00316;Terminal A  Area 2;1;2;6;4
6/6/3923 4:38;CONTD00736;Terminal A  Area 2;1;12;6;4
6/6/3923 4:38;CONTD00551;Terminal A  Area 2;1;17;1;2
6/6/2023 4:45;CONTD00912;Terminal A  Area 2;1;14;1;1
6/6/3923 4:41;CONTD0026;Terminal A  Area 2;1;6;6;2
6/6/2023 4:39;CONTD00699;Terminal A  Area 2;1;14;2;1
6/6/3923 4:42;CONTD0021;Terminal A  Area 2;1;13;1;1
6/6/3923 4:43;CONTD00748;Terminal A  Area 2;1;17;6;3
6/6/3923 4:46;CONTD00628;Terminal A  Area 2;1;16;6;3
6/6/3923 4:47;CONTD00915;Terminal A  Area 2;1;14;6;4
6/6/2023 4:46;CONTD00867;Terminal A  Area 2;1;18;1;2
6/6/3923 4:49;CONTD00901;Terminal A  Area 2;1;2;6;4
6/6/3923 4:50;CONTD00145;Terminal A  Area 2;1;9;6;3
6/6/3923 4:50;CONTD00116;Terminal A  Area 2;1;17;6;3
6/6/3923 4:50;CONTD00123;Terminal A  Area 2;1;7;1;4
6/6/2023 4:40;CONTD00228;Terminal A  Area 2;1;18;1;3
6/6/3923 4:52;CONTD00773;Terminal A  Area 2;1;17;6;3
6/6/2023 4:46;CONTD00543;Terminal A  Area 2;1;18;2;3
6/6/3923 4:54;CONTD00683;Terminal A  Area 2;1;12;6;4
6/6/3923 4:56;CONTD00196;Terminal A  Area 2;1;4;1;1
6/6/3923 4:57;CONTD00350;Terminal A  Area 2;1;13;1;2
6/6/3923 4:57;CONTD00771;Terminal A  Area 2;1;17;1;4
6/6/3923 4:37;CONTD00456;Terminal A  Area 2;1;8;1;2
6/6/2023 4:51;CONTD00783;Terminal A  Area 2;1;18;2;2
6/6/3923 4:43;CONTD00791;Terminal A  Area 2;1;14;7;3
6/6/3923 4:48;CONTD00444;Terminal A  Area 2;1;16;7;4
6/6/3923 4:49;CONTD00174;Terminal A  Area 2;1;5;7;2
6/6/3923 4:55;CONTD00757;Terminal A  Area 2;1;2;1;5
6/6/3923 4:56;CONTD0030;Terminal A  Area 2;1;6;7;2
6/6/2023 4:35;CONTD0071;Terminal A  Area 2;3;2;1;1
6/6/2023 4:36;CONTD00183;Terminal A  Area 2;3;17;1;4
6/6/2023 4:52;CONTD00269;Terminal A  Area 2;3;2;1;2
6/6/2023 4:57;CONTD00957;Terminal A  Area 2;3;2;1;5
6/6/2023 4:36;CONTD00654;Terminal A  Area 2;3;2;2;5
6/6/2023 4:39;CONTD00443;Terminal A  Area 2;3;16;1;3
6/6/2023 4:54;CONTD00423;Terminal A  Area 2;3;2;2;2
6/6/2023 4:45;CONTD0072;Terminal A  Area 2;3;16;2;3
6/6/2023 4:50;CONTD00209;Terminal A  Area 2;3;19;1;2
6/6/2023 4:35;CONTD00824;Terminal A  Area 2;3;3;1;3
6/6/2023 4:56;CONTD00267;Terminal A  Area 2;3;2;1;3
6/6/2023 4:43;CONTD00337;Terminal A  Area 2;3;2;1;4
6/6/2023 4:45;CONTD00132;Terminal A  Area 2;3;2;2;4
6/6/2023 4:35;CONTD00495;Terminal A  Area 2;3;11;1;1
6/6/2023 4:38;CONTD00954;Terminal A  Area 2;3;3;1;2
6/6/2023 4:55;CONTD00598;Terminal A  Area 2;3;2;2;3
6/6/2023 4:37;CONTD0061;Terminal A  Area 2;3;7;1;5
6/6/2023 4:39;CONTD00186;Terminal A  Area 2;3;3;2;2
6/6/2023 4:56;CONTD00403;Terminal A  Area 2;3;3;2;3
6/6/2023 4:46;CONTD00482;Terminal A  Area 2;3;4;1;4
6/6/2023 4:40;CONTD00452;Terminal A  Area 2;3;4;2;4
6/6/2023 4:51;CONTD00209;Terminal A  Area 2;3;5;1;4
6/6/2023 4:41;CONTD00636;Terminal A  Area 2;3;2;3;4
6/6/2023 4:53;CONTD00690;Terminal A  Area 2;3;7;1;2
6/6/2023 4:47;CONTD001;Terminal A  Area 2;3;5;1;3
6/6/2023 4:49;CONTD00500;Terminal A  Area 2;3;10;1;5
6/6/2023 4:44;CONTD00570;Terminal A  Area 2;3;2;3;5
6/6/2023 4:52;CONTD00413;Terminal A  Area 2;3;2;3;3
6/6/2023 4:35;CONTD00119;Terminal A  Area 2;3;7;2;2
6/6/2023 4:53;CONTD00866;Terminal A  Area 2;3;6;1;4
6/6/2023 4:40;CONTD00201;Terminal A  Area 2;3;5;2;3
6/6/2023 4:39;CONTD00381;Terminal A  Area 2;3;9;1;1
6/6/2023 4:52;CONTD00315;Terminal A  Area 2;3;5;2;4
6/6/2023 4:50;CONTD0039;Terminal A  Area 2;3;3;1;5
6/6/2023 4:41;CONTD00836;Terminal A  Area 2;3;3;2;5
6/6/2023 4:48;CONTD00847;Terminal A  Area 2;3;5;1;2
6/6/2023 4:56;CONTD00169;Terminal A  Area 2;3;5;2;2
6/6/2023 4:37;CONTD00933;Terminal A  Area 2;3;6;1;2
6/6/2023 4:47;CONTD00204;Terminal A  Area 2;3;6;2;2
6/6/2023 4:44;CONTD00656;Terminal A  Area 2;3;3;3;5
6/6/2023 4:49;CONTD00875;Terminal A  Area 2;3;9;1;3
6/6/2023 4:51;CONTD00361;Terminal A  Area 2;3;18;1;3
6/6/2023 4:51;CONTD0016;Terminal A  Area 2;3;16;3;3
6/6/2023 4:50;CONTD00953;Terminal A  Area 2;3;10;1;4
6/6/2023 4:54;CONTD0011;Terminal A  Area 2;3;7;1;1
6/6/2023 4:55;CONTD00874;Terminal A  Area 2;3;6;1;3
6/6/2023 4:38;CONTD00725;Terminal A  Area 2;3;4;1;2
6/6/2023 4:57;CONTD00358;Terminal A  Area 2;3;14;1;5
6/6/2023 4:38;CONTD00503;Terminal A  Area 2;3;7;3;2
6/6/2023 4:48;CONTD00744;Terminal A  Area 2;3;7;4;2
6/6/2023 4:44;CONTD00750;Terminal A  Area 2;3;10;2;4
6/6/2023 4:54;CONTD00946;Terminal A  Area 2;3;11;1;5
6/6/2023 4:37;CONTD00717;Terminal A  Area 2;3;11;2;5
6/6/2023 4:43;CONTD00555;Terminal A  Area 2;3;13;1;1
6/6/2023 4:51;CONTD0072;Terminal A  Area 2;3;4;2;2
6/6/2023 4:44;CONTD00649;Terminal A  Area 2;3;4;3;2
6/6/2023 4:53;CONTD00447;Terminal A  Area 2;3;4;1;3
6/6/2023 4:46;CONTD00122;Terminal A  Area 2;3;10;1;3
6/6/2023 4:48;CONTD00383;Terminal A  Area 2;3;14;1;2
6/6/2023 4:38;CONTD00183;Terminal A  Area 2;3;12;1;3
6/6/2023 4:55;CONTD00332;Terminal A  Area 2;3;4;2;3
6/6/2023 4:42;CONTD00580;Terminal A  Area 2;3;12;2;3
6/6/2023 4:38;CONTD00819;Terminal A  Area 2;3;13;1;3
6/6/2023 4:46;CONTD00928;Terminal A  Area 2;3;4;3;3
6/6/2023 4:43;CONTD00200;Terminal A  Area 2;3;8;1;3
6/6/2023 4:35;CONTD0016;Terminal A  Area 2;3;13;2;3
6/6/2023 4:55;CONTD00164;Terminal A  Area 2;3;9;1;2
6/6/2023 4:37;CONTD00116;Terminal A  Area 2;3;7;1;4
6/6/2023 4:57;CONTD00592;Terminal A  Area 2;3;15;1;1
6/6/2023 4:39;CONTD00725;Terminal A  Area 2;3;14;1;3
6/6/2023 4:37;CONTD00224;Terminal A  Area 2;3;5;1;5
6/6/2023 4:40;CONTD00980;Terminal A  Area 2;3;3;1;4
6/6/2023 4:46;CONTD00483;Terminal A  Area 2;3;14;2;3
6/6/2023 4:57;CONTD00667;Terminal A  Area 2;3;7;2;4
6/6/2023 4:41;CONTD00501;Terminal A  Area 2;3;16;4;3
6/6/2023 4:43;CONTD00396;Terminal A  Area 2;3;7;3;4
6/6/2023 4:54;CONTD00248;Terminal A  Area 2;3;8;2;3
6/6/2023 4:40;CONTD00287;Terminal A  Area 2;3;9;1;5
6/6/2023 4:46;CONTD00472;Terminal A  Area 2;3;9;2;5
6/6/2023 4:41;CONTD00566;Terminal A  Area 2;3;15;1;2
6/6/2023 4:41;CONTD00226;Terminal A  Area 2;3;15;2;2
6/6/2023 4:44;CONTD00779;Terminal A  Area 2;3;8;3;3
6/6/2023 4:56;CONTD00904;Terminal A  Area 2;3;9;3;5
6/6/2023 4:56;CONTD00962;Terminal A  Area 2;3;11;1;4
6/6/2023 4:42;CONTD00412;Terminal A  Area 2;3;11;2;4
6/6/2023 4:47;CONTD00112;Terminal A  Area 2;3;16;1;1
6/6/2023 4:38;CONTD0066;Terminal A  Area 2;3;16;2;1
6/6/2023 4:56;CONTD0063;Terminal A  Area 2;3;18;1;5
6/6/2023 4:56;CONTD00402;Terminal A  Area 2;3;8;4;3
6/6/2023 4:56;CONTD00385;Terminal A  Area 2;3;11;3;4
6/6/2023 4:47;CONTD00990;Terminal A  Area 2;3;16;1;5
6/6/2023 4:43;CONTD00509;Terminal A  Area 2;3;16;2;5
6/6/2023 4:38;CONTD00579;Terminal A  Area 2;3;19;1;4
6/6/2023 4:41;CONTD00499;Terminal A  Area 2;3;13;1;4
6/6/2023 4:47;CONTD00937;Terminal A  Area 2;3;13;2;4
6/6/2023 4:47;CONTD00841;Terminal A  Area 2;3;13;3;4
6/6/2023 4:42;CONTD00189;Terminal A  Area 2;3;8;1;4
6/6/2023 4:37;CONTD00703;Terminal A  Area 2;3;17;1;2
6/6/2023 4:40;CONTD00581;Terminal A  Area 2;3;17;2;2
6/6/2023 4:54;CONTD00325;Terminal A  Area 2;3;18;1;2
6/6/2023 4:44;CONTD00349;Terminal A  Area 2;3;16;5;3
6/6/2023 4:52;CONTD00576;Terminal A  Area 2;3;15;1;4
6/6/2023 4:52;CONTD0096;Terminal A  Area 2;3;15;2;4
6/6/2023 4:45;CONTD00388;Terminal A  Area 2;3;10;1;2
6/6/2023 4:56;CONTD00981;Terminal A  Area 2;3;18;2;2
6/6/2023 4:47;CONTD00994;Terminal A  Area 2;3;8;1;2
6/6/2023 4:43;CONTD00328;Terminal A  Area 2;3;15;3;4
6/6/2023 4:42;CONTD00509;Terminal A  Area 2;3;17;1;5
6/6/2023 4:47;CONTD00150;Terminal A  Area 2;3;17;2;5
6/6/2023 4:44;CONTD00501;Terminal A  Area 2;3;19;1;3
6/6/2023 4:53;CONTD00423;Terminal A  Area 2;3;17;3;5
6/6/2023 4:35;CONTD00299;Terminal A  Area 2;3;19;2;3
6/6/2023 4:40;CONTD00820;Terminal A  Area 2;3;18;1;4
6/6/2023 4:51;CONTD00706;Terminal A  Area 2;3;18;2;4
6/6/2023 4:50;CONTD0076;Terminal A  Area 2;3;8;1;5
6/6/2023 4:53;CONTD00188;Terminal A  Area 2;3;12;1;1
6/6/2023 4:55;CONTD00618;Terminal A  Area 2;3;18;3;4
6/6/2023 2:29;CONTD00501;Terminal B  Area 1;3;2;1;3
6/6/2023 2:31;CONTD00599;Terminal B  Area 1;3;4;1;3
6/6/2023 0:37;CONTD00587;Terminal B  Area 1;3;1;1;2
6/6/2023 5:32;CONTD00465;Terminal B  Area 1;3;4;2;3
6/6/2023 0:14;CONTD00281;Terminal B  Area 1;3;2;1;2
6/6/2023 1:54;CONTD00755;Terminal B  Area 1;3;4;1;1
6/6/2023 0:15;CONTD00666;Terminal B  Area 1;3;2;1;1
6/6/2023 1:53;CONTD00755;Terminal B  Area 1;3;1;1;5
6/6/2023 5:34;CONTD00491;Terminal B  Area 1;3;4;3;3
6/6/2023 0:49;CONTD00414;Terminal B  Area 1;3;2;2;3
6/6/2023 4:59;CONTD00493;Terminal B  Area 1;3;4;4;3
6/6/2023 0:23;CONTD00303;Terminal B  Area 1;3;2;2;1
6/6/2023 5:16;CONTD00630;Terminal B  Area 1;3;4;5;3
6/6/2023 2:19;CONTD00292;Terminal B  Area 1;3;4;6;3
6/6/2023 2:00;CONTD00665;Terminal B  Area 1;3;6;1;4
6/6/2023 5:16;CONTD00448;Terminal B  Area 1;3;2;2;2
6/6/2023 5:00;CONTD00170;Terminal B  Area 1;3;2;3;1
6/6/2023 2:39;CONTD0011;Terminal B  Area 1;3;2;4;1
6/6/2023 2:30;CONTD00348;Terminal B  Area 1;3;6;2;4
6/6/2023 1:58;CONTD00413;Terminal B  Area 1;3;2;3;2
6/6/2023 2:26;CONTD00226;Terminal B  Area 1;3;2;3;3
6/6/2023 5:50;CONTD00845;Terminal B  Area 1;3;6;3;4
6/6/2023 0:03;CONTD00102;Terminal B  Area 1;3;2;4;3
6/6/2023 5:04;CONTD00830;Terminal B  Area 1;3;4;1;4
6/6/2023 1:59;CONTD007;Terminal B  Area 1;3;1;2;5
6/6/2023 0:34;CONTD00979;Terminal B  Area 1;3;2;5;3
6/6/2023 2:10;CONTD00438;Terminal B  Area 1;3;2;4;2
6/6/2023 2:41;CONTD00758;Terminal B  Area 1;3;1;1;1
6/6/2023 1:11;CONTD00991;Terminal B  Area 1;3;4;2;4
6/6/2023 2:18;CONTD00127;Terminal B  Area 1;3;7;1;3
6/6/2023 0:06;CONTD00397;Terminal B  Area 1;3;17;1;1
6/6/2023 2:40;CONTD00749;Terminal B  Area 1;3;2;5;2
6/6/2023 5:03;CONTD00233;Terminal B  Area 1;3;2;6;2
6/6/2023 1:11;CONTD00420;Terminal B  Area 1;3;2;7;2
6/6/2023 1:41;CONTD00679;Terminal B  Area 1;3;7;1;2
6/6/2023 2:36;CONTD00760;Terminal B  Area 1;3;4;3;4
6/6/2023 1:56;CONTD00953;Terminal B  Area 1;3;7;2;2
6/6/2023 2:27;CONTD00237;Terminal B  Area 1;3;1;2;1
6/6/2023 2:36;CONTD00252;Terminal B  Area 1;3;1;2;2
6/6/2023 2:39;CONTD00134;Terminal B  Area 1;3;1;3;1
6/6/2023 1:04;CONTD00385;Terminal B  Area 1;3;7;2;3
6/6/2023 2:18;CONTD00348;Terminal B  Area 1;3;6;4;4
6/6/2023 1:18;CONTD00353;Terminal B  Area 1;3;1;3;2
6/6/2023 1:27;CONTD00810;Terminal B  Area 1;3;7;3;3
6/6/2023 5:06;CONTD00133;Terminal B  Area 1;3;4;4;4
6/6/2023 0:11;CONTD00310;Terminal B  Area 1;3;7;3;2
6/6/2023 2:31;CONTD00224;Terminal B  Area 1;3;6;5;4
6/6/2023 5:03;CONTD00771;Terminal B  Area 1;3;6;6;4
6/6/2023 0:13;CONTD00430;Terminal B  Area 1;3;7;4;2
6/6/2023 0:02;CONTD00740;Terminal B  Area 1;3;6;1;1
6/6/2023 0:55;CONTD0067;Terminal B  Area 1;3;12;1;3
6/6/2023 0:59;CONTD00546;Terminal B  Area 1;3;12;2;3
6/6/2023 2:13;CONTD00589;Terminal B  Area 1;3;12;3;3
6/6/2023 0:07;CONTD00250;Terminal B  Area 1;3;7;5;2
6/6/2023 1:08;CONTD00372;Terminal B  Area 1;3;5;1;1
6/6/2023 1:12;CONTD00567;Terminal B  Area 1;3;2;1;5
6/6/2023 2:21;CONTD00320;Terminal B  Area 1;3;12;4;3
6/6/2023 0:22;CONTD00248;Terminal B  Area 1;3;12;5;3
6/6/2023 1:56;CONTD00104;Terminal B  Area 1;3;6;1;3
6/6/2023 0:34;CONTD00760;Terminal B  Area 1;3;12;6;3
6/6/2023 2:18;CONTD00495;Terminal B  Area 1;3;6;2;1
6/6/2023 2:08;CONTD00620;Terminal B  Area 1;3;13;1;3
6/6/2023 0:20;CONTD00973;Terminal B  Area 1;3;13;2;3
6/6/2023 0:10;CONTD00616;Terminal B  Area 1;3;13;3;3
6/6/2023 1:23;CONTD00744;Terminal B  Area 1;3;2;2;5
6/6/2023 0:02;CONTD00650;Terminal B  Area 1;3;13;4;3
6/6/2023 5:12;CONTD00184;Terminal B  Area 1;3;13;5;3
6/6/2023 5:14;CONTD00842;Terminal B  Area 1;3;6;3;1
6/6/2023 0:25;CONTD00729;Terminal B  Area 1;3;2;3;5
6/6/2023 2:21;CONTD00354;Terminal B  Area 1;3;7;3;2
6/6/2023 0:27;CONTD00542;Terminal B  Area 1;3;3;1;1
6/6/2023 5:48;CONTD00881;Terminal B  Area 1;3;6;2;3
6/6/2023 0:12;CONTD00572;Terminal B  Area 1;3;7;4;3
6/6/2023 0:41;CONTD00363;Terminal B  Area 1;3;13;6;3
6/6/2023 0:49;CONTD00451;Terminal B  Area 1;3;7;5;3
6/6/2023 0:33;CONTD0043;Terminal B  Area 1;3;5;2;1
6/6/2023 0:40;CONTD00327;Terminal B  Area 1;3;15;1;4
6/6/2023 5:17;CONTD0089;Terminal B  Area 1;3;6;3;3
6/6/2023 5:27;CONTD00985;Terminal B  Area 1;3;7;7;2
6/6/2023 1:02;CONTD00864;Terminal B  Area 1;3;15;2;4
6/6/2023 5:39;CONTD00336;Terminal B  Area 1;3;6;4;3
6/6/2023 1:57;CONTD00872;Terminal B  Area 1;3;8;1;1
6/6/2023 0:39;CONTD00729;Terminal B  Area 1;3;9;1;4
6/6/2023 0:16;CONTD00932;Terminal B  Area 1;3;8;1;3
6/6/2023 0:07;CONTD0079;Terminal B  Area 1;3;8;2;3
6/6/2023 5:57;CONTD00340;Terminal B  Area 1;3;6;4;1
6/6/2023 4:57;CONTD00136;Terminal B  Area 1;3;9;2;4
6/6/2023 2:41;CONTD0068;Terminal B  Area 1;3;7;1;4
6/6/2023 1:36;CONTD009;Terminal B  Area 1;3;7;1;1
6/6/2023 5:09;CONTD00665;Terminal B  Area 1;3;7;2;1
6/6/2023 1:18;CONTD00496;Terminal B  Area 1;3;15;3;4
6/6/2023 1:26;CONTD00149;Terminal B  Area 1;3;15;4;4
6/6/2023 4:58;CONTD00469;Terminal B  Area 1;3;9;3;4
6/6/2023 1:38;CONTD00146;Terminal B  Area 1;3;3;1;2
6/6/2023 5:21;CONTD00115;Terminal B  Area 1;3;7;2;4
6/6/2023 1:15;CONTD00828;Terminal B  Area 1;3;8;3;3
6/6/2023 5:43;CONTD00912;Terminal B  Area 1;3;9;4;4
6/6/2023 5:13;CONTD00420;Terminal B  Area 1;3;3;2;1
6/6/2023 0:58;CONTD0038;Terminal B  Area 1;3;9;5;4
6/6/2023 0:46;CONTD00835;Terminal B  Area 1;3;7;3;4
6/6/2023 0:56;CONTD00679;Terminal B  Area 1;3;3;1;5
6/6/2023 5:27;CONTD0080;Terminal B  Area 1;3;8;4;3
6/6/2023 1:35;CONTD00486;Terminal B  Area 1;3;10;1;5
6/6/2023 2:33;CONTD00180;Terminal B  Area 1;3;7;3;1
6/6/2023 1:51;CONTD00890;Terminal B  Area 1;3;10;2;5
6/6/2023 0:22;CONTD00482;Terminal B  Area 1;3;7;4;1
6/6/2023 2:39;CONTD00993;Terminal B  Area 1;3;10;3;5
6/6/2023 5:30;CONTD00844;Terminal B  Area 1;3;8;5;3
6/6/2023 4:58;CONTD00297;Terminal B  Area 1;3;7;4;4
6/6/2023 5:35;CONTD00478;Terminal B  Area 1;3;8;6;3
6/6/2023 1:49;CONTD00437;Terminal B  Area 1;3;3;3;1
6/6/2023 0:45;CONTD00984;Terminal B  Area 1;3;8;1;5
6/6/2023 0:58;CONTD00240;Terminal B  Area 1;3;8;7;3
6/6/2023 1:06;CONTD00448;Terminal B  Area 1;3;12;1;4
6/6/2023 1:48;CONTD00194;Terminal B  Area 1;3;8;2;5
6/6/2023 5:05;CONTD00986;Terminal B  Area 1;3;15;5;4
6/6/2023 2:23;CONTD00855;Terminal B  Area 1;3;8;3;5
6/6/2023 2:20;CONTD00183;Terminal B  Area 1;3;12;1;1
6/6/2023 0:01;CONTD00808;Terminal B  Area 1;3;15;6;4
6/6/2023 2:13;CONTD00316;Terminal B  Area 1;3;16;1;4
6/6/2023 1:10;CONTD00204;Terminal B  Area 1;3;16;2;4
6/6/2023 2:26;CONTD00738;Terminal B  Area 1;3;8;4;5
6/6/2023 1:59;CONTD0079;Terminal B  Area 1;3;3;2;2
6/6/2023 1:23;CONTD00606;Terminal B  Area 1;3;16;1;5
6/6/2023 2:20;CONTD0081;Terminal B  Area 1;3;12;1;2
6/6/2023 2:21;CONTD00923;Terminal B  Area 1;3;9;1;3
6/6/2023 1:28;CONTD00122;Terminal B  Area 1;3;16;2;5
6/6/2023 1:54;CONTD00704;Terminal B  Area 1;3;16;3;4
6/6/2023 0:45;CONTD00162;Terminal B  Area 1;3;8;2;1
6/6/2023 5:29;CONTD00134;Terminal B  Area 1;3;16;4;4
6/6/2023 5:39;CONTD00425;Terminal B  Area 1;3;9;2;3
6/6/2023 5:36;CONTD00830;Terminal B  Area 1;3;16;3;5
6/6/2023 5:04;CONTD00901;Terminal B  Area 1;3;3;2;5
6/6/2023 1:45;CONTD00937;Terminal B  Area 1;3;10;4;5
6/6/2023 5:02;CONTD00247;Terminal B  Area 1;3;12;2;4
6/6/2023 5:06;CONTD00393;Terminal B  Area 1;3;12;3;4
6/6/2023 5:45;CONTD00527;Terminal B  Area 1;3;16;4;5
6/6/2023 0:09;CONTD00515;Terminal B  Area 1;3;12;2;2
6/6/2023 0:23;CONTD00332;Terminal B  Area 1;3;12;3;2
6/6/2023 1:10;CONTD00195;Terminal B  Area 1;3;12;4;2
6/6/2023 1:18;CONTD00525;Terminal B  Area 1;3;12;2;1
6/6/2023 5:15;CONTD00162;Terminal B  Area 1;3;10;5;5
6/6/2023 0:47;CONTD00570;Terminal B  Area 1;3;3;3;2
6/6/2023 1:52;CONTD00766;Terminal B  Area 1;3;16;5;5
6/6/2023 2:21;CONTD00768;Terminal B  Area 1;3;12;3;1
6/6/2023 2:31;CONTD00244;Terminal B  Area 1;3;16;5;4
6/6/2023 0:24;CONTD00989;Terminal B  Area 1;3;16;3;5
6/6/2023 4:59;CONTD00971;Terminal B  Area 1;3;9;1;1
6/6/2023 5:37;CONTD00703;Terminal B  Area 1;3;9;3;3
6/6/2023 5:00;CONTD00648;Terminal B  Area 1;3;11;1;5
6/6/2023 1:09;CONTD00396;Terminal B  Area 1;3;3;3;5
6/6/2023 0:50;CONTD00770;Terminal B  Area 1;3;11;1;1
6/6/2023 0:38;CONTD00407;Terminal B  Area 1;3;4;1;5
6/6/2023 5:08;CONTD00749;Terminal B  Area 1;3;12;4;4
6/6/2023 0:04;CONTD00960;Terminal B  Area 1;3;4;2;5
6/6/2023 0:05;CONTD00850;Terminal B  Area 1;3;11;2;5
6/6/2023 1:07;CONTD00304;Terminal B  Area 1;3;16;3;4
6/6/2023 0:02;CONTD00282;Terminal B  Area 1;3;12;5;2
6/6/2023 0:36;CONTD00327;Terminal B  Area 1;3;9;4;3
6/6/2023 2:33;CONTD00832;Terminal B  Area 1;3;11;3;5
6/6/2023 1:54;CONTD00194;Terminal B  Area 1;3;4;3;5
6/6/2023 2:24;CONTD00365;Terminal B  Area 1;3;12;4;1
6/6/2023 2:25;CONTD00144;Terminal B  Area 1;3;12;5;4
6/6/2023 1:37;CONTD00926;Terminal B  Area 1;3;11;4;5
6/6/2023 1:28;CONTD00689;Terminal B  Area 1;3;6;1;5
6/6/2023 4:59;CONTD00889;Terminal B  Area 1;3;6;2;5
6/6/2023 0:51;CONTD00993;Terminal B  Area 1;3;11;5;5
6/6/2023 1:30;CONTD00253;Terminal B  Area 1;3;10;1;4
6/6/2023 1:36;CONTD00498;Terminal B  Area 1;3;17;1;5
6/6/2023 5:20;CONTD00183;Terminal B  Area 1;3;10;2;4
6/6/2023 2:37;CONTD00383;Terminal B  Area 1;3;12;6;2
6/6/2023 2:05;CONTD00122;Terminal B  Area 1;3;13;1;5
6/6/2023 1:49;CONTD0033;Terminal B  Area 1;3;17;1;3
6/6/2023 5:14;CONTD00738;Terminal B  Area 1;3;12;6;4
6/6/2023 0:42;CONTD00483;Terminal B  Area 1;3;13;2;5
6/6/2023 0:18;CONTD0075;Terminal B  Area 1;3;6;3;5
6/6/2023 2:15;CONTD00362;Terminal B  Area 1;3;17;2;3
6/6/2023 5:01;CONTD00128;Terminal B  Area 1;3;13;3;5
6/6/2023 2:32;CONTD00872;Terminal B  Area 1;3;9;1;5
6/6/2023 5:37;CONTD00484;Terminal B  Area 1;3;12;5;1
6/6/2023 0:12;CONTD00387;Terminal B  Area 1;3;9;2;5
6/6/2023 2:18;CONTD00791;Terminal B  Area 1;3;9;2;1
6/6/2023 5:47;CONTD00231;Terminal B  Area 1;3;12;7;2
6/6/2023 5:57;CONTD00179;Terminal B  Area 1;3;12;6;1
6/6/2023 1:35;CONTD00320;Terminal B  Area 1;3;17;2;5
6/6/2023 1:50;CONTD00925;Terminal B  Area 1;3;17;3;3
6/6/2023 1:03;CONTD00180;Terminal B  Area 1;3;12;7;1
6/6/2023 2:05;CONTD00489;Terminal B  Area 1;3;10;3;4
6/6/2023 2:18;CONTD00839;Terminal B  Area 1;3;12;7;4
6/6/2023 4:59;CONTD00454;Terminal B  Area 1;3;9;3;5
6/6/2023 2:12;CONTD00506;Terminal B  Area 1;3;17;4;3
6/6/2023 2:14;CONTD00411;Terminal B  Area 1;3;10;4;4
6/6/2023 5:51;CONTD00952;Terminal B  Area 1;3;17;5;3
6/6/2023 1:44;CONTD00696;Terminal B  Area 1;3;10;1;1
6/6/2023 2:11;CONTD0079;Terminal B  Area 1;3;12;1;5
6/6/2023 2:34;CONTD0071;Terminal B  Area 1;3;10;2;1
6/6/2023 2:23;CONTD00471;Terminal B  Area 1;3;12;2;5
6/6/2023 1:43;CONTD00904;Terminal B  Area 1;3;10;3;1
6/6/2023 1:50;CONTD00978;Terminal B  Area 1;3;13;1;1
6/6/2023 0:38;CONTD00405;Terminal B  Area 1;3;17;3;5
6/6/2023 2:29;CONTD00468;Terminal B  Area 1;3;12;3;5
6/6/2023 0:02;CONTD00241;Terminal B  Area 1;3;19;1;2
6/6/2023 2:28;CONTD00509;Terminal B  Area 1;3;17;4;5
6/6/2023 2:33;CONTD00891;Terminal B  Area 1;3;12;4;5
6/6/2023 0:21;CONTD00825;Terminal B  Area 1;3;13;1;4
6/6/2023 1:56;CONTD00402;Terminal B  Area 1;3;14;1;5
6/6/2023 0:24;CONTD00420;Terminal B  Area 1;3;13;4;5
6/6/2023 0:03;CONTD00936;Terminal B  Area 1;3;17;5;5
6/6/2023 1:27;CONTD00115;Terminal B  Area 1;3;14;2;5
6/6/2023 5:17;CONTD00465;Terminal B  Area 1;3;14;3;5
6/6/2023 0:57;CONTD00530;Terminal B  Area 1;3;13;2;4
6/6/2023 0:42;CONTD00696;Terminal B  Area 1;3;17;6;5
6/6/2023 0:58;CONTD0085;Terminal B  Area 1;3;17;6;3
6/6/2023 2:38;CONTD00300;Terminal B  Area 1;3;13;2;1
6/6/2023 5:11;CONTD00484;Terminal B  Area 1;3;13;3;4
6/6/2023 0:11;CONTD00935;Terminal B  Area 1;3;1;1;3
6/6/2023 0:41;CONTD00929;Terminal B  Area 1;3;19;1;1
6/6/2023 1:20;CONTD00801;Terminal B  Area 1;3;13;5;5
6/6/2023 1:09;CONTD00931;Terminal B  Area 1;3;19;1;5
6/6/2023 1:32;CONTD0039;Terminal B  Area 1;3;18;1;2
6/6/2023 1:44;CONTD00713;Terminal B  Area 1;3;19;2;5
6/6/2023 0:02;CONTD00459;Terminal B  Area 1;3;18;2;2
6/6/2023 5:31;CONTD0048;Terminal B  Area 1;3;13;3;1
6/6/2023 5:46;CONTD00750;Terminal B  Area 1;3;13;4;1
6/6/2023 0:15;CONTD00320;Terminal B  Area 1;3;13;4;4
6/6/2023 2:40;CONTD00145;Terminal B  Area 1;3;14;1;1
6/6/2023 5:07;CONTD00655;Terminal B  Area 1;3;14;4;5
6/6/2023 0:55;CONTD00215;Terminal B  Area 1;3;13;5;1
6/6/2023 0:42;CONTD00110;Terminal B  Area 1;3;18;3;2
6/6/2023 0:19;CONTD00645;Terminal B  Area 1;3;15;1;5
6/6/2023 1:41;CONTD00813;Terminal B  Area 1;3;13;5;4
6/6/2023 1:10;CONTD00817;Terminal B  Area 1;3;18;4;2
6/6/2023 5:40;CONTD00125;Terminal B  Area 1;3;19;2;2
6/6/2023 2:04;CONTD00987;Terminal B  Area 1;3;13;6;4
6/6/2023 2:40;CONTD00561;Terminal B  Area 1;3;18;5;2
6/6/2023 1:21;CONTD00225;Terminal B  Area 1;3;15;1;1
6/6/2023 1:26;CONTD0075;Terminal B  Area 1;3;18;6;2
6/6/2023 2:27;CONTD00731;Terminal B  Area 1;3;13;6;1
6/6/2023 5:21;CONTD00404;Terminal B  Area 1;3;13;7;1
6/6/2023 1:50;CONTD00511;Terminal B  Area 1;3;14;2;1
6/6/2023 2:24;CONTD00229;Terminal B  Area 1;3;15;2;1
6/6/2023 5:00;CONTD00751;Terminal B  Area 1;3;15;3;1
6/6/2023 2:29;CONTD00426;Terminal B  Area 1;3;13;7;4
6/6/2023 2:33;CONTD00550;Terminal B  Area 1;3;19;1;3
6/6/2023 0:08;CONTD00952;Terminal B  Area 1;3;15;1;2
6/6/2023 0:45;CONTD00479;Terminal B  Area 1;3;15;2;2
6/6/2023 5:20;CONTD00427;Terminal B  Area 1;3;15;3;2
6/6/2023 0:39;CONTD00239;Terminal B  Area 1;3;15;4;2
6/6/2023 5:13;CONTD00944;Terminal B  Area 1;3;15;5;2
6/6/2023 0:56;CONTD00604;Terminal B  Area 1;3;19;1;4
6/6/2023 5:32;CONTD00709;Terminal B  Area 1;3;15;6;2
6/6/2023 5:30;CONTD00631;Terminal B  Area 1;3;15;2;5
6/6/2023 2:28;CONTD00115;Terminal B  Area 1;3;15;3;5
6/6/2023 0:06;CONTD00552;Terminal B  Area 1;3;14;3;1
6/6/2023 5:49;CONTD00297;Terminal B  Area 1;3;15;7;2
6/6/2023 5:00;CONTD00904;Terminal B  Area 1;3;16;1;2
6/6/2023 5:50;CONTD00950;Terminal B  Area 1;3;15;4;1
6/6/2023 1:11;CONTD00215;Terminal B  Area 1;3;14;4;1
6/6/2023 0:12;CONTD00861;Terminal B  Area 1;3;16;2;2
6/6/2023 1:50;CONTD00818;Terminal B  Area 1;3;15;4;5
6/6/2023 1:00;CONTD00975;Terminal B  Area 1;3;19;2;3
6/6/2023 1:53;CONTD0025;Terminal B  Area 1;3;14;5;1
6/6/2023 1:11;CONTD00228;Terminal B  Area 1;3;19;2;4
6/6/2023 0:59;CONTD00212;Terminal B  Area 1;3;18;1;1
6/6/2023 2:32;CONTD00254;Terminal B  Area 1;3;19;3;4
6/6/2023 5:53;CONTD00583;Terminal B  Area 1;3;16;1;1
6/6/2023 2:23;CONTD00733;Terminal B  Area 1;3;18;1;4
6/6/2023 5:55;CONTD00591;Terminal B  Area 1;3;19;3;3
6/6/2023 1:13;CONTD00208;Terminal B  Area 1;3;18;1;5
6/6/2023 0:18;CONTD00289;Terminal B  Area 1;3;16;3;2
6/6/2023 0:42;CONTD00653;Terminal B  Area 1;3;19;4;3
6/6/2023 1:29;CONTD00259;Terminal B  Area 1;3;19;4;4
6/6/2023 0:43;CONTD00157;Terminal B  Area 1;3;7;1;5
6/6/2023 0:32;CONTD00302;Terminal B  Area 1;3;19;2;1
6/6/2023 5:05;CONTD00764;Terminal B  Area 1;3;18;2;4
6/6/2023 5:14;CONTD00442;Terminal B  Area 1;3;18;3;4
6/6/2023 0:25;CONTD00972;Terminal B  Area 1;3;16;4;2
6/6/2023 1:38;CONTD00348;Terminal B  Area 1;3;19;5;3
6/6/2023 5:56;CONTD00191;Terminal B  Area 1;3;18;4;4
6/6/2023 1:36;CONTD00585;Terminal B  Area 1;3;16;5;2
6/6/2023 5:25;CONTD00173;Terminal B  Area 1;3;19;6;3
6/6/2023 0:49;CONTD00684;Terminal B  Area 1;3;19;3;2
6/6/2023 5:24;CONTD00696;Terminal B  Area 1;3;16;6;2
6/6/2023 1:13;CONTD0012;Terminal B  Area 1;3;18;5;4
6/6/2023 0:53;CONTD00997;Terminal B  Area 1;3;19;3;5
6/6/2023 5:35;CONTD00173;Terminal B  Area 1;3;19;5;4
6/6/2023 1:22;CONTD00475;Terminal B  Area 1;3;19;3;1
6/6/2023 2:38;CONTD0065;Terminal B  Area 1;3;18;2;5
6/6/2023 1:51;CONTD00763;Terminal B  Area 1;3;16;2;1
6/6/2023 4:58;CONTD00387;Terminal B  Area 1;3;18;2;1
6/6/2023 0:02;CONTD00700;Terminal B  Area 1;3;18;3;1
6/6/2023 5:11;CONTD00896;Terminal B  Area 1;3;18;4;1
6/6/2023 0:36;CONTD00218;Terminal B  Area 1;3;16;7;2
6/6/2023 0:17;CONTD0022;Terminal B  Area 1;3;19;6;4
6/6/2023 5:20;CONTD0028;Terminal B  Area 1;3;18;3;5
6/6/2023 2:01;CONTD00781;Terminal B  Area 1;3;18;4;5
6/6/2023 2:26;CONTD00102;Terminal B  Area 1;2;1;1;3
6/6/2023 0:37;CONTD00124;Terminal B  Area 1;2;1;2;3
6/6/2023 0:49;CONTD00888;Terminal B  Area 1;2;1;3;3
6/6/2023 0:58;CONTD00490;Terminal B  Area 1;2;1;4;3
6/6/2023 2:11;CONTD0056;Terminal B  Area 1;2;1;5;3
6/6/2023 2:33;CONTD00417;Terminal B  Area 1;2;1;6;3
6/6/2023 5:22;CONTD00457;Terminal B  Area 1;2;1;7;3
6/6/2023 5:06;CONTD00273;Terminal B  Area 1;2;2;1;4
6/6/2023 0:33;CONTD00427;Terminal B  Area 1;2;2;2;4
6/6/2023 0:46;CONTD00359;Terminal B  Area 1;2;2;3;4
6/6/2023 1:15;CONTD00454;Terminal B  Area 1;2;2;4;4
6/6/2023 1:41;CONTD00700;Terminal B  Area 1;2;2;5;4
6/6/2023 2:20;CONTD00629;Terminal B  Area 1;2;2;6;4
6/6/2023 5:15;CONTD00101;Terminal B  Area 1;2;2;7;4
6/6/2023 2:22;CONTD00381;Terminal B  Area 1;2;8;1;3
6/6/2023 1:51;CONTD00877;Terminal B  Area 1;2;8;2;3
6/6/2023 5:01;CONTD00936;Terminal B  Area 1;2;8;1;1
6/6/2023 0:06;CONTD0097;Terminal B  Area 1;2;8;2;1
6/6/2023 0:09;CONTD00307;Terminal B  Area 1;2;8;3;1
6/6/2023 0:10;CONTD00728;Terminal B  Area 1;2;8;4;1
6/6/2023 0:30;CONTD00774;Terminal B  Area 1;2;8;3;3
6/6/2023 1:21;CONTD00957;Terminal B  Area 1;2;8;5;1
6/6/2023 1:27;CONTD00661;Terminal B  Area 1;2;8;4;3
6/6/2023 2:03;CONTD00145;Terminal B  Area 1;2;8;5;3
6/6/2023 2:36;CONTD00794;Terminal B  Area 1;2;8;6;3
6/6/2023 0:06;CONTD00744;Terminal B  Area 1;2;8;7;3
6/6/2023 0:07;CONTD00215;Terminal B  Area 1;2;8;6;1
6/6/2023 5:19;CONTD00475;Terminal B  Area 1;2;8;7;1
6/6/2023 1:52;CONTD00931;Terminal B  Area 1;2;10;1;4
6/6/2023 0:10;CONTD00530;Terminal B  Area 1;2;10;2;4
6/6/2023 0:12;CONTD00577;Terminal B  Area 1;2;10;3;4
6/6/2023 0:14;CONTD00257;Terminal B  Area 1;2;10;4;4
6/6/2023 0:19;CONTD0081;Terminal B  Area 1;2;10;5;4
6/6/2023 0:31;CONTD00369;Terminal B  Area 1;2;10;6;4
6/6/2023 1:49;CONTD00210;Terminal B  Area 1;2;10;7;4
6/6/2023 2:26;CONTD00772;Terminal B  Area 1;2;11;1;3
6/6/2023 5:03;CONTD00487;Terminal B  Area 1;2;11;2;3
6/6/2023 5:06;CONTD00849;Terminal B  Area 1;2;11;3;3
6/6/2023 0:35;CONTD00432;Terminal B  Area 1;2;11;4;3
6/6/2023 0:40;CONTD00234;Terminal B  Area 1;2;11;5;3
6/6/2023 1:10;CONTD00534;Terminal B  Area 1;2;11;6;3
6/6/2023 1:49;CONTD00134;Terminal B  Area 1;2;11;7;3
6/6/2023 2:21;CONTD0076;Terminal B  Area 1;2;16;1;2
6/6/2023 0:14;CONTD00726;Terminal B  Area 1;2;16;2;2
6/6/2023 1:24;CONTD00991;Terminal B  Area 1;2;16;3;2
6/6/2023 2:05;CONTD0068;Terminal B  Area 1;2;16;4;2
6/6/2023 2:22;CONTD00263;Terminal B  Area 1;2;16;5;2
6/6/2023 2:33;CONTD00556;Terminal B  Area 1;2;16;6;2
6/6/2023 1:50;CONTD00546;Terminal B  Area 1;2;16;7;2
6/6/2023 1:48;CONTD00703;Terminal B  Area 1;2;17;1;4
6/6/2023 0:03;CONTD00239;Terminal B  Area 1;2;17;2;4
6/6/2023 0:31;CONTD00760;Terminal B  Area 1;2;17;3;4
6/6/2023 1:06;CONTD00631;Terminal B  Area 1;2;17;4;4
6/6/2023 4:57;CONTD00333;Terminal B  Area 1;2;17;5;4
6/6/2023 5:00;CONTD00274;Terminal B  Area 1;2;17;6;4
6/6/2023 5:45;CONTD00970;Terminal B  Area 1;2;17;7;4
6/6/2023 0:24;CONTD00633;Terminal B  Area 1;2;18;1;3
6/6/2023 0:41;CONTD00658;Terminal B  Area 1;2;18;2;3
6/6/2023 1:15;CONTD00282;Terminal B  Area 1;2;18;3;3
6/6/2023 1:26;CONTD00781;Terminal B  Area 1;2;18;4;3
6/6/2023 1:45;CONTD0017;Terminal B  Area 1;2;18;5;3
6/6/2023 1:55;CONTD00963;Terminal B  Area 1;2;18;6;3
6/6/2023 2:34;CONTD00535;Terminal B  Area 1;2;18;7;3
6/6/2023 4:59;CONTD00401;Terminal B  Area 1;2;19;1;4
6/6/2023 2:32;CONTD00454;Terminal B  Area 1;2;19;2;4
6/6/2023 2:36;CONTD00457;Terminal B  Area 1;2;19;3;4
6/6/2023 0:16;CONTD00715;Terminal B  Area 1;2;19;4;4
6/6/2023 2:24;CONTD00329;Terminal B  Area 1;2;19;5;4
6/6/2023 2:32;CONTD00927;Terminal B  Area 1;2;19;6;4
6/6/2023 0:04;CONTD001;Terminal B  Area 1;2;19;7;4
6/6/2023 0:56;CONTD00760;Terminal B  Area 1;1;3;1;1
6/6/2023 1:00;CONTD0099;Terminal B  Area 1;1;17;1;3
6/6/2023 1:04;CONTD0079;Terminal B  Area 1;1;4;1;4
6/6/2023 1:29;CONTD0013;Terminal B  Area 1;1;2;1;5
6/6/2023 1:16;CONTD00905;Terminal B  Area 1;1;7;1;2
6/6/2023 2:23;CONTD0036;Terminal B  Area 1;1;2;2;5
6/6/2023 5:29;CONTD0018;Terminal B  Area 1;1;2;3;5
6/6/2023 1:26;CONTD00911;Terminal B  Area 1;1;15;1;3
6/6/2023 0:40;CONTD00322;Terminal B  Area 1;1;2;4;5
6/6/2023 1:35;CONTD00471;Terminal B  Area 1;1;15;1;3
6/6/2023 1:50;CONTD00725;Terminal B  Area 1;1;3;1;2
6/6/2023 0:44;CONTD00661;Terminal B  Area 1;1;2;5;5
6/6/2023 1:53;CONTD00916;Terminal B  Area 1;1;10;1;1
6/6/2023 2:41;CONTD00937;Terminal B  Area 1;1;1;1;3
6/6/2023 1:13;CONTD00704;Terminal B  Area 1;1;1;2;3
6/6/2023 2:10;CONTD00478;Terminal B  Area 1;1;3;1;2
6/6/2023 5:30;CONTD00274;Terminal B  Area 1;1;4;1;2
6/6/2023 2:20;CONTD00496;Terminal B  Area 1;1;3;1;5
6/6/2023 2:29;CONTD00463;Terminal B  Area 1;1;3;1;5
6/6/2023 0:41;CONTD00906;Terminal B  Area 1;1;1;1;2
6/6/2023 0:10;CONTD0081;Terminal B  Area 1;1;4;2;2
6/6/2023 2:00;CONTD00460;Terminal B  Area 1;1;1;3;3
6/6/2023 5:11;CONTD00721;Terminal B  Area 1;1;15;1;3
6/6/2023 1:22;CONTD00479;Terminal B  Area 1;1;5;1;5
6/6/2023 1:30;CONTD00148;Terminal B  Area 1;1;4;1;5
6/6/2023 5:26;CONTD00667;Terminal B  Area 1;1;11;1;4
6/6/2023 4:58;CONTD00879;Terminal B  Area 1;1;4;3;2
6/6/2023 5:42;CONTD00651;Terminal B  Area 1;1;3;1;2
6/6/2023 2:21;CONTD00363;Terminal B  Area 1;1;1;4;3
6/6/2023 1:42;CONTD00614;Terminal B  Area 1;1;4;4;2
6/6/2023 5:27;CONTD00337;Terminal B  Area 1;1;4;2;5
6/6/2023 5:33;CONTD00435;Terminal B  Area 1;1;4;3;5
6/6/2023 0:03;CONTD00233;Terminal B  Area 1;1;11;2;4
6/6/2023 1:04;CONTD00654;Terminal B  Area 1;1;1;1;4
6/6/2023 0:52;CONTD00592;Terminal B  Area 1;1;4;5;2
6/6/2023 0:57;CONTD00249;Terminal B  Area 1;1;4;6;2
6/6/2023 1:02;CONTD00514;Terminal B  Area 1;1;1;2;2
6/6/2023 0:20;CONTD00485;Terminal B  Area 1;1;17;2;3
6/6/2023 0:24;CONTD00498;Terminal B  Area 1;1;15;2;4
6/6/2023 0:34;CONTD0056;Terminal B  Area 1;1;17;2;3
6/6/2023 0:34;CONTD00245;Terminal B  Area 1;1;18;1;1
6/6/2023 1:04;CONTD00274;Terminal B  Area 1;1;1;2;4
6/6/2023 0:23;CONTD00747;Terminal B  Area 1;1;4;4;5
6/6/2023 1:24;CONTD00223;Terminal B  Area 1;1;1;3;4
6/6/2023 5:42;CONTD00480;Terminal B  Area 1;1;1;4;4
6/6/2023 2:02;CONTD00210;Terminal B  Area 1;1;4;1;1
6/6/2023 1:00;CONTD00506;Terminal B  Area 1;1;4;2;1
6/6/2023 2:29;CONTD00768;Terminal B  Area 1;1;4;3;1
6/6/2023 5:40;CONTD00956;Terminal B  Area 1;1;4;4;1
6/6/2023 2:05;CONTD0052;Terminal B  Area 1;1;6;1;1
6/6/2023 1:13;CONTD00307;Terminal B  Area 1;1;17;2;3
6/6/2023 0:15;CONTD00513;Terminal B  Area 1;1;6;1;5
6/6/2023 1:44;CONTD00663;Terminal B  Area 1;1;1;1;1
6/6/2023 1:18;CONTD00743;Terminal B  Area 1;1;15;2;4
6/6/2023 1:19;CONTD00138;Terminal B  Area 1;1;11;2;4
6/6/2023 0:21;CONTD00278;Terminal B  Area 1;1;6;2;5
6/6/2023 1:47;CONTD00642;Terminal B  Area 1;1;5;2;5
6/6/2023 5:52;CONTD00816;Terminal B  Area 1;1;10;1;5
6/6/2023 2:14;CONTD00537;Terminal B  Area 1;1;1;3;2
6/6/2023 1:43;CONTD00412;Terminal B  Area 1;1;4;5;5
6/6/2023 1:45;CONTD0091;Terminal B  Area 1;1;17;2;3
6/6/2023 1:11;CONTD00657;Terminal B  Area 1;1;6;1;2
6/6/2023 1:52;CONTD00890;Terminal B  Area 1;1;15;2;4
6/6/2023 5:19;CONTD00779;Terminal B  Area 1;1;6;2;2
6/6/2023 1:16;CONTD00316;Terminal B  Area 1;1;6;3;5
6/6/2023 1:08;CONTD00460;Terminal B  Area 1;1;1;2;1
6/6/2023 1:52;CONTD00114;Terminal B  Area 1;1;6;4;5
6/6/2023 5:24;CONTD00376;Terminal B  Area 1;1;6;2;1
6/6/2023 1:24;CONTD00142;Terminal B  Area 1;1;6;3;2
6/6/2023 2:20;CONTD00808;Terminal B  Area 1;1;4;2;4
6/6/2023 5:52;CONTD00271;Terminal B  Area 1;1;6;3;1
6/6/2023 5:13;CONTD0074;Terminal B  Area 1;1;6;4;1
6/6/2023 2:24;CONTD00916;Terminal B  Area 1;1;10;2;5
6/6/2023 5:01;CONTD00117;Terminal B  Area 1;1;1;3;1
6/6/2023 0:39;CONTD00318;Terminal B  Area 1;1;10;1;3
6/6/2023 1:18;CONTD00255;Terminal B  Area 1;1;2;1;1
6/6/2023 5:23;CONTD0085;Terminal B  Area 1;1;10;2;3
6/6/2023 2:38;CONTD00669;Terminal B  Area 1;1;8;1;1
6/6/2023 0:15;CONTD00549;Terminal B  Area 1;1;10;3;3
6/6/2023 5:01;CONTD00558;Terminal B  Area 1;1;3;2;5
6/6/2023 5:09;CONTD00345;Terminal B  Area 1;1;6;4;2
6/6/2023 5:13;CONTD00824;Terminal B  Area 1;1;6;5;2
6/6/2023 0:38;CONTD00763;Terminal B  Area 1;1;7;1;5
6/6/2023 1:04;CONTD00783;Terminal B  Area 1;1;10;4;3
6/6/2023 1:45;CONTD00886;Terminal B  Area 1;1;2;2;1
6/6/2023 1:58;CONTD00825;Terminal B  Area 1;1;7;2;5
6/6/2023 5:29;CONTD00789;Terminal B  Area 1;1;13;2;2
6/6/2023 1:23;CONTD00317;Terminal B  Area 1;1;10;5;3
6/6/2023 5:44;CONTD0049;Terminal B  Area 1;1;7;1;1
6/6/2023 5:06;CONTD0088;Terminal B  Area 1;1;2;3;1
6/6/2023 5:52;CONTD00423;Terminal B  Area 1;1;7;3;5
6/6/2023 5:34;CONTD00646;Terminal B  Area 1;1;14;2;2
6/6/2023 0:10;CONTD00384;Terminal B  Area 1;1;7;3;2
6/6/2023 1:15;CONTD00939;Terminal B  Area 1;1;7;2;1
6/6/2023 5:12;CONTD00543;Terminal B  Area 1;1;12;1;5
6/6/2023 2:01;CONTD00695;Terminal B  Area 1;1;10;6;3
6/6/2023 2:39;CONTD00829;Terminal B  Area 1;1;10;3;5
6/6/2023 1:40;CONTD00732;Terminal B  Area 1;1;7;3;1
6/6/2023 1:32;CONTD00284;Terminal B  Area 1;1;7;4;5
6/6/2023 2:05;CONTD00744;Terminal B  Area 1;1;7;4;1
6/6/2023 5:50;CONTD00821;Terminal B  Area 1;1;8;1;3
6/6/2023 1:38;CONTD00608;Terminal B  Area 1;1;6;1;3
6/6/2023 4:58;CONTD00876;Terminal B  Area 1;1;10;4;5
6/6/2023 5:04;CONTD00893;Terminal B  Area 1;1;10;5;5
6/6/2023 0:41;CONTD0010;Terminal B  Area 1;1;13;3;2
6/6/2023 2:23;CONTD00922;Terminal B  Area 1;1;6;2;3
6/6/2023 5:36;CONTD0062;Terminal B  Area 1;1;8;2;3
6/6/2023 0:52;CONTD00759;Terminal B  Area 1;1;4;3;4
6/6/2023 5:32;CONTD00952;Terminal B  Area 1;1;10;6;5
6/6/2023 5:33;CONTD00190;Terminal B  Area 1;1;6;3;3
6/6/2023 0:55;CONTD00861;Terminal B  Area 1;1;3;3;2
6/6/2023 2:24;CONTD00855;Terminal B  Area 1;1;8;1;5
6/6/2023 1:06;CONTD00752;Terminal B  Area 1;1;8;3;3
6/6/2023 5:31;CONTD00122;Terminal B  Area 1;1;8;2;5
6/6/2023 1:43;CONTD00434;Terminal B  Area 1;1;8;4;3
6/6/2023 1:07;CONTD00290;Terminal B  Area 1;1;14;3;2
6/6/2023 1:52;CONTD00813;Terminal B  Area 1;1;7;5;5
6/6/2023 0:05;CONTD00303;Terminal B  Area 1;1;9;1;5
6/6/2023 1:16;CONTD00379;Terminal B  Area 1;1;3;3;5
6/6/2023 1:18;CONTD00234;Terminal B  Area 1;1;10;1;2
6/6/2023 5:01;CONTD00240;Terminal B  Area 1;1;10;2;2
6/6/2023 1:27;CONTD0074;Terminal B  Area 1;1;3;3;5
6/6/2023 1:26;CONTD00537;Terminal B  Area 1;1;10;3;2
6/6/2023 2:12;CONTD00999;Terminal B  Area 1;1;8;3;5
6/6/2023 2:40;CONTD00518;Terminal B  Area 1;1;16;1;5
6/6/2023 1:41;CONTD00253;Terminal B  Area 1;1;12;2;5
6/6/2023 1:41;CONTD0036;Terminal B  Area 1;1;14;3;2
6/6/2023 1:36;CONTD00942;Terminal B  Area 1;1;16;2;5
6/6/2023 5:36;CONTD00763;Terminal B  Area 1;1;10;4;2
6/6/2023 0:24;CONTD00802;Terminal B  Area 1;1;12;1;2
6/6/2023 1:44;CONTD00820;Terminal B  Area 1;1;3;3;5
6/6/2023 0:59;CONTD00485;Terminal B  Area 1;1;12;2;2
6/6/2023 5:39;CONTD00460;Terminal B  Area 1;1;10;5;2
6/6/2023 0:37;CONTD00237;Terminal B  Area 1;1;9;2;5
6/6/2023 1:53;CONTD00498;Terminal B  Area 1;1;13;3;2
6/6/2023 1:55;CONTD0036;Terminal B  Area 1;1;13;3;2
6/6/2023 1:06;CONTD00641;Terminal B  Area 1;1;12;3;2
6/6/2023 1:19;CONTD00451;Terminal B  Area 1;1;12;1;3
6/6/2023 1:51;CONTD00472;Terminal B  Area 1;1;12;2;3
6/6/2023 2:07;CONTD00826;Terminal B  Area 1;1;14;3;2
6/6/2023 5:25;CONTD00132;Terminal B  Area 1;1;9;3;5
6/6/2023 1:49;CONTD00585;Terminal B  Area 1;1;12;1;1
6/6/2023 2:04;CONTD00560;Terminal B  Area 1;1;14;1;3
6/6/2023 5:19;CONTD00928;Terminal B  Area 1;1;14;1;1
6/6/2023 2:35;CONTD00322;Terminal B  Area 1;1;16;3;5
6/6/2023 2:26;CONTD00629;Terminal B  Area 1;1;14;2;3
6/6/2023 5:14;CONTD00615;Terminal B  Area 1;1;14;2;1
6/6/2023 1:23;CONTD00203;Terminal B  Area 1;1;9;4;5
6/6/2023 5:10;CONTD00822;Terminal B  Area 1;1;12;1;4
6/6/2023 1:15;CONTD00398;Terminal B  Area 1;1;12;2;4
6/6/2023 0:43;CONTD00610;Terminal B  Area 1;1;14;3;1
6/6/2023 2:21;CONTD00668;Terminal B  Area 1;1;11;1;1
6/6/2023 2:38;CONTD00167;Terminal B  Area 1;1;13;3;2
6/6/2023 0:25;CONTD00604;Terminal B  Area 1;1;11;2;1
6/6/2023 2:01;CONTD00581;Terminal B  Area 1;1;12;3;3
6/6/2023 5:11;CONTD00429;Terminal B  Area 1;1;17;3;3
6/6/2023 2:09;CONTD00514;Terminal B  Area 1;1;12;4;3
6/6/2023 5:12;CONTD00358;Terminal B  Area 1;1;14;3;3
6/6/2023 0:17;CONTD00576;Terminal B  Area 1;1;15;1;5
6/6/2023 0:57;CONTD00337;Terminal B  Area 1;1;15;1;1
6/6/2023 5:20;CONTD0010;Terminal B  Area 1;1;11;3;4
6/6/2023 5:20;CONTD00133;Terminal B  Area 1;1;3;3;2
6/6/2023 0:52;CONTD00187;Terminal B  Area 1;1;16;4;5
6/6/2023 0:59;CONTD00567;Terminal B  Area 1;1;11;3;1
6/6/2023 5:05;CONTD0029;Terminal B  Area 1;1;11;4;1
6/6/2023 0:36;CONTD00950;Terminal B  Area 1;1;13;1;5
6/6/2023 0:05;CONTD00986;Terminal B  Area 1;1;12;3;4
6/6/2023 5:29;CONTD00317;Terminal B  Area 1;1;11;3;4
6/6/2023 5:34;CONTD00696;Terminal B  Area 1;1;3;3;5
6/6/2023 1:21;CONTD00652;Terminal B  Area 1;1;13;2;5
6/6/2023 0:26;CONTD00621;Terminal B  Area 1;1;12;4;4
6/6/2023 5:37;CONTD00572;Terminal B  Area 1;1;15;3;3
6/6/2023 0:36;CONTD00103;Terminal B  Area 1;1;12;2;1
6/6/2023 0:45;CONTD00666;Terminal B  Area 1;1;12;3;1
6/6/2023 5:42;CONTD0041;Terminal B  Area 1;1;7;3;2
6/6/2023 0:49;CONTD00880;Terminal B  Area 1;1;13;3;5
6/6/2023 5:42;CONTD00366;Terminal B  Area 1;1;13;4;5
6/6/2023 1:16;CONTD00344;Terminal B  Area 1;1;14;1;5
6/6/2023 0:51;CONTD00865;Terminal B  Area 1;1;12;5;3
6/6/2023 1:37;CONTD00917;Terminal B  Area 1;1;16;5;5
6/6/2023 5:58;CONTD00870;Terminal B  Area 1;1;7;3;2
6/6/2023 5:58;CONTD00843;Terminal B  Area 1;1;17;3;3
6/6/2023 1:38;CONTD00492;Terminal B  Area 1;1;12;5;4
6/6/2023 0:06;CONTD00871;Terminal B  Area 1;1;4;4;4
6/6/2023 2:14;CONTD00727;Terminal B  Area 1;1;12;4;1
6/6/2023 0:13;CONTD00663;Terminal B  Area 1;1;3;4;2
6/6/2023 2:08;CONTD00356;Terminal B  Area 1;1;14;2;5
6/6/2023 1:26;CONTD00992;Terminal B  Area 1;1;16;6;5
6/6/2023 0:20;CONTD00957;Terminal B  Area 1;1;15;4;4
6/6/2023 5:14;CONTD00486;Terminal B  Area 1;1;15;2;1
6/6/2023 5:23;CONTD00183;Terminal B  Area 1;1;12;5;1
6/6/2023 5:17;CONTD00651;Terminal B  Area 1;1;15;2;5
6/6/2023 0:32;CONTD00725;Terminal B  Area 1;1;3;4;2
6/6/2023 0:32;CONTD00108;Terminal B  Area 1;1;11;4;4
6/6/2023 0:32;CONTD00786;Terminal B  Area 1;1;7;4;2
6/6/2023 0:00;CONTD00457;Terminal B  Area 1;1;13;1;1
6/6/2023 1:44;CONTD00343;Terminal B  Area 1;1;13;2;1
6/6/2023 0:31;CONTD00638;Terminal B  Area 1;1;15;3;5
6/6/2023 5:14;CONTD00609;Terminal B  Area 1;1;13;1;3
6/6/2023 1:51;CONTD00630;Terminal B  Area 1;1;13;3;1
6/6/2023 0:50;CONTD00126;Terminal B  Area 1;1;15;4;3
6/6/2023 2:03;CONTD00642;Terminal B  Area 1;1;13;2;3
6/6/2023 5:29;CONTD00981;Terminal B  Area 1;1;17;1;5
6/6/2023 0:10;CONTD0024;Terminal B  Area 1;1;13;3;3
6/6/2023 0:18;CONTD00201;Terminal B  Area 1;1;17;2;5
6/6/2023 0:58;CONTD00139;Terminal B  Area 1;1;15;4;4
6/6/2023 2:23;CONTD00306;Terminal B  Area 1;1;15;3;1
6/6/2023 0:19;CONTD00666;Terminal B  Area 1;1;17;3;5
6/6/2023 2:19;CONTD00731;Terminal B  Area 1;1;14;3;5
6/6/2023 1:05;CONTD00899;Terminal B  Area 1;1;11;4;4
6/6/2023 2:37;CONTD00350;Terminal B  Area 1;1;19;1;3
6/6/2023 1:06;CONTD00800;Terminal B  Area 1;1;4;4;4
6/6/2023 1:06;CONTD00108;Terminal B  Area 1;1;11;1;5
6/6/2023 5:24;CONTD0062;Terminal B  Area 1;1;14;4;5
6/6/2023 0:37;CONTD00121;Terminal B  Area 1;1;19;1;5
6/6/2023 1:53;CONTD00445;Terminal B  Area 1;1;16;1;1
6/6/2023 1:01;CONTD00380;Terminal B  Area 1;1;16;2;1
6/6/2023 1:19;CONTD00977;Terminal B  Area 1;1;14;4;2
6/6/2023 0:14;CONTD00849;Terminal B  Area 1;1;16;3;1
6/6/2023 2:13;CONTD00499;Terminal B  Area 1;1;17;4;5
6/6/2023 1:19;CONTD00100;Terminal B  Area 1;1;16;4;1
6/6/2023 0:16;CONTD00354;Terminal B  Area 1;1;18;1;5
6/6/2023 5:53;CONTD00944;Terminal B  Area 1;1;17;5;5
6/6/2023 0:57;CONTD00542;Terminal B  Area 1;1;13;4;1
6/6/2023 0:42;CONTD00925;Terminal B  Area 1;1;17;1;1
6/6/2023 2:05;CONTD00843;Terminal B  Area 1;1;13;4;3
6/6/2023 1:39;CONTD00694;Terminal B  Area 1;1;13;4;2
6/6/2023 5:30;CONTD00678;Terminal B  Area 1;1;17;2;1
6/6/2023 1:32;CONTD00856;Terminal B  Area 1;1;17;3;1
6/6/2023 1:45;CONTD00403;Terminal B  Area 1;1;17;6;5
6/6/2023 1:25;CONTD00111;Terminal B  Area 1;1;18;2;5
6/6/2023 1:47;CONTD00866;Terminal B  Area 1;1;4;4;4
6/6/2023 5:28;CONTD00957;Terminal B  Area 1;1;13;5;3
6/6/2023 1:59;CONTD00413;Terminal B  Area 1;1;14;4;2
6/6/2023 2:10;CONTD00753;Terminal B  Area 1;1;18;1;2
6/6/2023 5:23;CONTD00887;Terminal B  Area 1;1;17;4;1
6/6/2023 5:42;CONTD00881;Terminal B  Area 1;1;13;5;1
6/6/2023 2:05;CONTD00612;Terminal B  Area 1;1;15;4;3
6/6/2023 5:54;CONTD00735;Terminal B  Area 1;1;19;1;4
6/6/2023 0:07;CONTD00595;Terminal B  Area 1;1;18;2;2
6/6/2023 2:17;CONTD00289;Terminal B  Area 1;1;4;4;4
6/6/2023 0:52;CONTD00577;Terminal B  Area 1;1;19;2;5
6/6/2023 2:27;CONTD00585;Terminal B  Area 1;1;15;4;4
6/6/2023 2:32;CONTD00850;Terminal B  Area 1;1;7;4;2
6/6/2023 2:39;CONTD00256;Terminal B  Area 1;1;7;4;2
6/6/2023 2:22;CONTD00533;Terminal B  Area 1;1;18;3;2
6/6/2023 1:31;CONTD0041;Terminal B  Area 1;1;19;1;1
6/6/2023 5:17;CONTD00811;Terminal B  Area 1;1;18;4;2
6/6/2023 0:40;CONTD00476;Terminal B  Area 1;1;18;1;3
6/6/2023 2:01;CONTD00740;Terminal B  Area 1;1;19;2;3
6/6/2023 0:39;CONTD00557;Terminal B  Area 1;1;18;5;2
6/6/2023 1:08;CONTD0079;Terminal B  Area 1;1;18;2;3
6/6/2023 2:12;CONTD00866;Terminal B  Area 1;1;19;3;3
6/6/2023 5:06;CONTD00803;Terminal B  Area 1;1;14;4;2
6/6/2023 5:10;CONTD00563;Terminal B  Area 1;1;15;4;3
6/6/2023 2:18;CONTD00469;Terminal B  Area 1;1;19;2;1
6/6/2023 5:01;CONTD00623;Terminal B  Area 1;1;18;3;3
6/6/2023 5:16;CONTD0081;Terminal B  Area 1;1;18;4;3
6/6/2023 2:41;CONTD00763;Terminal B  Area 1;1;19;3;5
6/6/2023 5:17;CONTD00332;Terminal B  Area 1;1;13;4;2
6/6/2023 0:48;CONTD00368;Terminal B  Area 1;1;19;1;2
6/6/2023 5:21;CONTD00112;Terminal B  Area 1;1;15;4;4
6/6/2023 2:11;CONTD00691;Terminal B  Area 1;1;19;2;4
6/6/2023 2:09;CONTD00448;Terminal B  Area 1;1;19;2;2
6/6/2023 2:25;CONTD00903;Terminal B  Area 1;1;19;3;4
6/6/2023 2:17;CONTD00337;Terminal B  Area 1;1;18;6;2
6/6/2023 5:17;CONTD00494;Terminal B  Area 1;1;19;3;1
6/6/2023 5:40;CONTD00162;Terminal B  Area 1;1;19;4;4
6/6/2023 2:38;CONTD00641;Terminal B  Area 1;1;19;3;2
6/6/2023 5:17;CONTD00543;Terminal B  Area 1;1;19;4;2
6/6/2023 5:37;CONTD00470;Terminal B  Area 1;1;19;5;4
6/6/2023 3:54;CONTD0073;Terminal B  Area 2;1;8;1;1
6/6/2023 3:55;CONTD0073;Terminal B  Area 2;1;15;1;5
6/6/2023 3:58;CONTD00431;Terminal B  Area 2;1;1;1;1
6/6/2023 4:00;CONTD00666;Terminal B  Area 2;1;11;1;2
6/6/2023 3:57;CONTD00715;Terminal B  Area 2;1;3;1;2
6/6/2023 3:55;CONTD00498;Terminal B  Area 2;1;10;1;2
6/6/2023 3:56;CONTD00891;Terminal B  Area 2;1;13;1;4
6/6/2023 3:56;CONTD00130;Terminal B  Area 2;1;4;1;4
6/6/2023 3:56;CONTD0082;Terminal B  Area 2;1;3;2;2
6/6/2023 3:54;CONTD0077;Terminal B  Area 2;1;5;1;4
6/6/2023 3:59;CONTD00723;Terminal B  Area 2;1;4;1;2
6/6/2023 3:59;CONTD00492;Terminal B  Area 2;1;10;1;3
6/6/2023 3:59;CONTD00179;Terminal B  Area 2;1;17;1;4
6/6/2023 3:59;CONTD00577;Terminal B  Area 2;1;14;1;1
6/6/2023 4:00;CONTD00634;Terminal B  Area 2;1;9;1;4
6/6/2023 3:54;CONTD00774;Terminal B  Area 2;1;8;1;3
6/6/2023 3:55;CONTD00147;Terminal B  Area 2;1;18;1;2
6/6/2023 3:56;CONTD00453;Terminal B  Area 2;1;17;1;1
6/6/2023 3:57;CONTD00592;Terminal B  Area 2;1;17;2;4
6/6/2023 3:55;CONTD00113;Terminal B  Area 2;1;4;2;2
6/6/2023 4:00;CONTD00798;Terminal B  Area 2;1;2;1;1
6/6/2023 4:01;CONTD00283;Terminal B  Area 2;1;2;1;3
6/6/2023 3:54;CONTD00152;Terminal B  Area 2;1;18;1;1
6/6/2023 3:58;CONTD00863;Terminal B  Area 2;1;6;1;1
6/6/2023 3:55;CONTD00385;Terminal B  Area 2;1;3;1;3
6/6/2023 3:56;CONTD0069;Terminal B  Area 2;1;2;1;5
6/6/2023 3:58;CONTD00475;Terminal B  Area 2;1;6;1;2
6/6/2023 4:01;CONTD00479;Terminal B  Area 2;1;17;3;4
6/6/2023 3:55;CONTD0044;Terminal B  Area 2;1;6;2;1
6/6/2023 3:59;CONTD00953;Terminal B  Area 2;1;7;1;3
6/6/2023 3:56;CONTD00834;Terminal B  Area 2;1;14;1;3
6/6/2023 3:55;CONTD0080;Terminal B  Area 2;1;7;2;3
6/6/2023 3:59;CONTD00100;Terminal B  Area 2;1;12;1;4
6/6/2023 3:55;CONTD00974;Terminal B  Area 2;1;11;1;3
6/6/2023 4:01;CONTD00954;Terminal B  Area 2;1;17;1;2
6/6/2023 3:54;CONTD00397;Terminal B  Area 2;1;15;1;1
6/6/2023 4:01;CONTD00271;Terminal B  Area 2;1;11;2;3
6/6/2023 3:57;CONTD00567;Terminal B  Area 2;1;11;1;1
6/6/2023 3:58;CONTD00277;Terminal B  Area 2;1;6;1;3
6/6/2023 4:00;CONTD00797;Terminal B  Area 2;1;9;1;3
6/6/2023 4:00;CONTD00181;Terminal B  Area 2;1;5;1;3
6/6/2023 4:01;CONTD00695;Terminal B  Area 2;1;8;1;4
6/6/2023 3:56;CONTD0095;Terminal B  Area 2;2;3;1;4
6/6/2023 3:58;CONTD00191;Terminal B  Area 2;2;18;1;4
6/6/2023 3:58;CONTD00501;Terminal B  Area 2;2;4;1;2
6/6/2023 4:00;CONTD00185;Terminal B  Area 2;2;6;1;2
6/6/2023 4:01;CONTD00768;Terminal B  Area 2;2;12;1;1
6/6/2023 3:57;CONTD00702;Terminal B  Area 2;2;2;1;3
6/6/2023 3:54;CONTD00698;Terminal B  Area 2;2;3;1;2
6/6/2023 3:54;CONTD00872;Terminal B  Area 2;2;13;1;2
6/6/2023 3:56;CONTD00931;Terminal B  Area 2;2;2;2;3
6/6/2023 3:56;CONTD00971;Terminal B  Area 2;2;13;1;4
6/6/2023 3:56;CONTD00543;Terminal B  Area 2;2;7;1;1
6/6/2023 3:58;CONTD00579;Terminal B  Area 2;2;5;1;2
6/6/2023 3:54;CONTD00411;Terminal B  Area 2;2;5;2;2
6/6/2023 4:01;CONTD00422;Terminal B  Area 2;2;6;1;4
6/6/2023 3:59;CONTD0041;Terminal B  Area 2;2;5;1;5
6/6/2023 3:59;CONTD00557;Terminal B  Area 2;2;2;1;5
6/6/2023 4:00;CONTD00804;Terminal B  Area 2;2;4;2;2
6/6/2023 4:00;CONTD0082;Terminal B  Area 2;2;3;1;5
6/6/2023 4:00;CONTD00388;Terminal B  Area 2;2;4;3;2
6/6/2023 4:00;CONTD00780;Terminal B  Area 2;2;3;2;5
6/6/2023 3:54;CONTD00269;Terminal B  Area 2;2;3;3;5
6/6/2023 3:54;CONTD00870;Terminal B  Area 2;2;4;1;4
6/6/2023 3:55;CONTD00519;Terminal B  Area 2;2;16;1;1
6/6/2023 3:57;CONTD00781;Terminal B  Area 2;2;1;1;5
6/6/2023 3:59;CONTD00139;Terminal B  Area 2;2;3;2;2
6/6/2023 3:55;CONTD00525;Terminal B  Area 2;2;6;2;4
6/6/2023 3:55;CONTD00437;Terminal B  Area 2;2;7;1;3
6/6/2023 3:58;CONTD00159;Terminal B  Area 2;2;7;1;4
6/6/2023 3:59;CONTD00307;Terminal B  Area 2;2;7;2;3
6/6/2023 3:57;CONTD00558;Terminal B  Area 2;2;3;3;2
6/6/2023 4:00;CONTD00986;Terminal B  Area 2;2;15;1;2
6/6/2023 4:01;CONTD00582;Terminal B  Area 2;2;7;1;5
6/6/2023 3:54;CONTD0089;Terminal B  Area 2;2;19;1;2
6/6/2023 3:54;CONTD00161;Terminal B  Area 2;2;18;1;5
6/6/2023 3:57;CONTD00398;Terminal B  Area 2;2;6;1;3
6/6/2023 3:56;CONTD00373;Terminal B  Area 2;2;6;2;3
6/6/2023 3:57;CONTD00509;Terminal B  Area 2;2;5;1;4
6/6/2023 3:58;CONTD00895;Terminal B  Area 2;2;17;1;5
6/6/2023 3:58;CONTD00426;Terminal B  Area 2;2;8;1;2
6/6/2023 3:59;CONTD00915;Terminal B  Area 2;2;13;1;3
6/6/2023 4:00;CONTD00873;Terminal B  Area 2;2;9;1;3
6/6/2023 4:00;CONTD00548;Terminal B  Area 2;2;16;1;5
6/6/2023 4:00;CONTD00741;Terminal B  Area 2;2;4;1;3
6/6/2023 3:57;CONTD00440;Terminal B  Area 2;2;8;2;2
6/6/2023 3:58;CONTD00442;Terminal B  Area 2;2;10;1;5
6/6/2023 3:55;CONTD00955;Terminal B  Area 2;2;15;1;4
6/6/2023 3:59;CONTD00141;Terminal B  Area 2;2;10;2;5
6/6/2023 3:59;CONTD00775;Terminal B  Area 2;2;10;1;4
6/6/2023 4:01;CONTD00663;Terminal B  Area 2;2;10;2;4
6/6/2023 3:56;CONTD00714;Terminal B  Area 2;2;15;1;3
6/6/2023 4:01;CONTD0058;Terminal B  Area 2;2;12;1;3
6/6/2023 3:58;CONTD00639;Terminal B  Area 2;2;17;1;1
6/6/2023 3:55;CONTD00787;Terminal B  Area 2;2;12;2;3
6/6/2023 3:58;CONTD00987;Terminal B  Area 2;2;12;1;2
6/6/2023 3:58;CONTD00234;Terminal B  Area 2;2;12;2;2
6/6/2023 3:57;CONTD00639;Terminal B  Area 2;2;4;4;2
6/6/2023 3:58;CONTD00994;Terminal B  Area 2;2;6;3;3
6/6/2023 4:00;CONTD00378;Terminal B  Area 2;2;5;1;3
6/6/2023 4:01;CONTD00855;Terminal B  Area 2;3;2;1;4
6/6/2023 3:56;CONTD00638;Terminal B  Area 2;3;7;1;3
6/6/2023 3:58;CONTD00296;Terminal B  Area 2;3;2;2;4
6/6/2023 3:56;CONTD00892;Terminal B  Area 2;3;5;1;1
6/6/2023 3:56;CONTD00932;Terminal B  Area 2;3;4;1;4
6/6/2023 3:57;CONTD00467;Terminal B  Area 2;3;12;1;4
6/6/2023 3:56;CONTD00449;Terminal B  Area 2;3;4;2;4
6/6/2023 4:00;CONTD0060;Terminal B  Area 2;3;5;1;3
6/6/2023 3:57;CONTD00620;Terminal B  Area 2;3;10;1;3
6/6/2023 4:01;CONTD00630;Terminal B  Area 2;3;1;1;3
6/6/2023 3:56;CONTD00241;Terminal B  Area 2;3;4;1;2
6/6/2023 3:57;CONTD00356;Terminal B  Area 2;3;13;1;2
6/6/2023 3:57;CONTD00199;Terminal B  Area 2;3;13;1;4
6/6/2023 3:57;CONTD0041;Terminal B  Area 2;3;9;1;2
6/6/2023 3:54;CONTD00135;Terminal B  Area 2;3;10;2;3
6/6/2023 3:55;CONTD0076;Terminal B  Area 2;3;11;1;2
6/6/2023 4:00;CONTD00459;Terminal B  Area 2;3;4;2;2
6/6/2023 4:01;CONTD00384;Terminal B  Area 2;3;19;1;3
6/6/2023 4:00;CONTD00697;Terminal B  Area 2;3;11;2;2
6/6/2023 3:54;CONTD00250;Terminal B  Area 2;3;9;1;4
6/6/2023 3:57;CONTD00679;Terminal B  Area 2;3;10;1;4
6/6/2023 3:57;CONTD00756;Terminal B  Area 2;3;1;1;5
6/6/2023 3:59;CONTD00945;Terminal B  Area 2;3;4;3;2
6/6/2023 3:59;CONTD00729;Terminal B  Area 2;3;16;1;1
6/6/2023 3:54;CONTD00752;Terminal B  Area 2;3;3;1;5
6/6/2023 3:56;CONTD00530;Terminal B  Area 2;3;4;4;2
6/6/2023 3:55;CONTD00334;Terminal B  Area 2;3;13;1;3
6/6/2023 3:59;CONTD00492;Terminal B  Area 2;3;13;2;3
6/6/2023 3:57;CONTD00400;Terminal B  Area 2;3;9;1;1
6/6/2023 3:58;CONTD0022;Terminal B  Area 2;3;3;2;5
6/6/2023 3:59;CONTD00821;Terminal B  Area 2;3;18;1;5
6/6/2023 3:58;CONTD00371;Terminal B  Area 2;3;14;1;4
6/6/2023 3:57;CONTD00129;Terminal B  Area 2;3;14;2;4
6/6/2023 3:54;CONTD00947;Terminal B  Area 2;3;17;1;2
6/6/2023 3:55;CONTD00310;Terminal B  Area 2;3;1;1;1
6/6/2023 3:55;CONTD00331;Terminal B  Area 2;3;17;2;2
6/6/2023 3:59;CONTD00853;Terminal B  Area 2;3;19;1;4
6/6/2023 4:01;CONTD00287;Terminal B  Area 2;3;3;3;5
6/6/2023 3:55;CONTD00865;Terminal B  Area 2;3;14;1;2
6/6/2023 3:57;CONTD00873;Terminal B  Area 2;3;17;1;4
6/6/2023 3:54;CONTD00432;Terminal B  Area 2;3;19;2;4
