ID_Container;PuertoDestino;PESO (TONELADA);;;;;;;;;;;;;;
CONTD00873;SALERNO;11;;;;;;;;;;;;;;
CONTD00580;SANTANDER;17;;;;;;;;;;;;;;
CONTD00540;KOVERHAR;28;;;;;;;;;;;;;;
CONTD00886;BARREIRO;26;;;;;;;;;;;;;;
CONTD00469;FERROL;16;;;;;;;;;;;;;;
CONTD00851;FERROL;17;;;;;;;;;;;;;;
CONTD00374;A ORDENES;30;;;;;;;;;;;;;;
CONTD00202;ALTAMIRA;17;;;;;;;;;;;;;;
CONTD00140;BARREIRO;28;;;;;;;;;;;;;;
CONTD00750;ALTAMIRA;24;;;;;;;;;;;;;;
CONTD00866;HUELVA;19;;;;;;;;;;;;;;
CONTD00952;LUGO;27;;;;;;;;;;;;;;
CONTD0014;PORTO MARGHERA;14;;;;;;;;;;;;;;
CONTD00506;SANTANDER;15;;;;;;;;;;;;;;
CONTD00382;HUELVA;23;;;;;;;;;;;;;;
CONTD00968;LUGO;29;;;;;;;;;;;;;;
CONTD0052;GDYNIA;23;;;;;;;;;;;;;;
CONTD0054;A ORDENES;19;;;;;;;;;;;;;;
CONTD00192;PASAJES;30;;;;;;;;;;;;;;
CONTD00265;PORTO MARGHERA;16;;;;;;;;;;;;;;
CONTD00232;LUGO;20;;;;;;;;;;;;;;
CONTD00756;SZCZECIN;24;;;;;;;;;;;;;;
CONTD0099;ALTAMIRA;25;;;;;;;;;;;;;;
CONTD00518;LUGO;14;;;;;;;;;;;;;;
CONTD0028;SANTANDER;17;;;;;;;;;;;;;;
CONTD00938;BAYONNE;22;;;;;;;;;;;;;;
CONTD00918;PASAJES;22;;;;;;;;;;;;;;
CONTD00879;HUELVA;25;;;;;;;;;;;;;;
CONTD00375;GDYNIA;27;;;;;;;;;;;;;;
CONTD0068;CASTELLON;12;;;;;;;;;;;;;;
CONTD00813;BAYONNE;22;;;;;;;;;;;;;;
CONTD00912;FERROL;27;;;;;;;;;;;;;;
CONTD00773;BARREIRO;18;;;;;;;;;;;;;;
CONTD00801;SZCZECIN;17;;;;;;;;;;;;;;
CONTD00113;CASTELLON;14;;;;;;;;;;;;;;
CONTD00741;ALTAMIRA;25;;;;;;;;;;;;;;
CONTD00196;CASTELLON;12;;;;;;;;;;;;;;
CONTD00693;HUELVA;22;;;;;;;;;;;;;;
CONTD0070;BAYONNE;28;;;;;;;;;;;;;;
CONTD00440;FERROL;27;;;;;;;;;;;;;;
CONTD00135;ALTAMIRA;29;;;;;;;;;;;;;;
CONTD0047;SANTANDER;23;;;;;;;;;;;;;;
CONTD00249;KOVERHAR;20;;;;;;;;;;;;;;
CONTD00771;KOVERHAR;20;;;;;;;;;;;;;;
CONTD00535;SALERNO;23;;;;;;;;;;;;;;
CONTD00144;PASAJES;18;;;;;;;;;;;;;;
CONTD00558;SZCZECIN;16;;;;;;;;;;;;;;
CONTD00324;PASAJES;31;;;;;;;;;;;;;;
CONTD00364;GDYNIA;24;;;;;;;;;;;;;;
CONTD00710;KOVERHAR;24;;;;;;;;;;;;;;
CONTD0060;KOVERHAR;13;;;;;;;;;;;;;;
CONTD00285;SANTANDER;29;;;;;;;;;;;;;;
CONTD00500;A ORDENES;16;;;;;;;;;;;;;;
CONTD00885;BAYONNE;29;;;;;;;;;;;;;;
CONTD00105;SANTANDER;18;;;;;;;;;;;;;;
CONTD00301;SZCZECIN;30;;;;;;;;;;;;;;
CONTD00897;PORTO MARGHERA;26;;;;;;;;;;;;;;
CONTD00125;SANTANDER;29;;;;;;;;;;;;;;
CONTD00351;HUELVA;14;;;;;;;;;;;;;;
CONTD0038;BAYONNE;29;;;;;;;;;;;;;;
CONTD00605;SANTANDER;26;;;;;;;;;;;;;;
CONTD00326;A ORDENES;24;;;;;;;;;;;;;;
CONTD00665;FERROL;26;;;;;;;;;;;;;;
CONTD0079;KOVERHAR;25;;;;;;;;;;;;;;
CONTD0072;PASAJES;27;;;;;;;;;;;;;;
CONTD00458;SANTANDER;20;;;;;;;;;;;;;;
CONTD00400;SANTANDER;18;;;;;;;;;;;;;;
CONTD00839;SZCZECIN;24;;;;;;;;;;;;;;
CONTD00188;BAYONNE;21;;;;;;;;;;;;;;
CONTD00160;PASAJES;19;;;;;;;;;;;;;;
CONTD00142;ALTAMIRA;18;;;;;;;;;;;;;;
CONTD00940;LUGO;29;;;;;;;;;;;;;;
CONTD00860;GDYNIA;30;;;;;;;;;;;;;;
CONTD00373;PASAJES;15;;;;;;;;;;;;;;
CONTD00819;LUGO;20;;;;;;;;;;;;;;
CONTD00531;KOVERHAR;18;;;;;;;;;;;;;;
CONTD00584;HUELVA;30;;;;;;;;;;;;;;
CONTD00496;PASAJES;27;;;;;;;;;;;;;;
CONTD00373;ALTAMIRA;20;;;;;;;;;;;;;;
CONTD00281;SANTANDER;13;;;;;;;;;;;;;;
CONTD00125;A ORDENES;22;;;;;;;;;;;;;;
CONTD00232;PASAJES;20;;;;;;;;;;;;;;
CONTD00422;LUGO;14;;;;;;;;;;;;;;
CONTD00639;CASTELLON;22;;;;;;;;;;;;;;
CONTD00876;FERROL;11;;;;;;;;;;;;;;
CONTD00762;PASAJES;22;;;;;;;;;;;;;;
CONTD00316;BAYONNE;21;;;;;;;;;;;;;;
CONTD00652;GDYNIA;24;;;;;;;;;;;;;;
CONTD00792;SZCZECIN;14;;;;;;;;;;;;;;
CONTD00124;A ORDENES;16;;;;;;;;;;;;;;
CONTD00776;BAYONNE;15;;;;;;;;;;;;;;
CONTD00602;SZCZECIN;17;;;;;;;;;;;;;;
CONTD00453;ALTAMIRA;15;;;;;;;;;;;;;;
CONTD00836;FERROL;22;;;;;;;;;;;;;;
CONTD00605;CASTELLON;23;;;;;;;;;;;;;;
CONTD00755;ALTAMIRA;17;;;;;;;;;;;;;;
CONTD00421;LUGO;27;;;;;;;;;;;;;;
CONTD00646;PORTO MARGHERA;13;;;;;;;;;;;;;;
CONTD00981;SZCZECIN;15;;;;;;;;;;;;;;
CONTD00493;SZCZECIN;13;;;;;;;;;;;;;;
CONTD0023;FERROL;26;;;;;;;;;;;;;;
CONTD00502;PASAJES;28;;;;;;;;;;;;;;
CONTD00827;FERROL;18;;;;;;;;;;;;;;
CONTD00331;PASAJES;14;;;;;;;;;;;;;;
CONTD00761;ALTAMIRA;19;;;;;;;;;;;;;;
CONTD00485;CASTELLON;12;;;;;;;;;;;;;;
CONTD00351;BAYONNE;18;;;;;;;;;;;;;;
CONTD00784;ALTAMIRA;19;;;;;;;;;;;;;;
CONTD00977;A ORDENES;14;;;;;;;;;;;;;;
CONTD00414;A ORDENES;15;;;;;;;;;;;;;;
CONTD0055;GDYNIA;16;;;;;;;;;;;;;;
CONTD00671;KOVERHAR;18;;;;;;;;;;;;;;
CONTD0018;FERROL;21;;;;;;;;;;;;;;
CONTD00751;PASAJES;12;;;;;;;;;;;;;;
CONTD00730;PORTO MARGHERA;31;;;;;;;;;;;;;;
CONTD00701;KOVERHAR;28;;;;;;;;;;;;;;
CONTD0017;FERROL;24;;;;;;;;;;;;;;
CONTD00326;PORTO MARGHERA;14;;;;;;;;;;;;;;
CONTD00274;HUELVA;30;;;;;;;;;;;;;;
CONTD00793;SALERNO;28;;;;;;;;;;;;;;
CONTD00752;A ORDENES;26;;;;;;;;;;;;;;
CONTD00389;BARREIRO;21;;;;;;;;;;;;;;
CONTD00194;SZCZECIN;19;;;;;;;;;;;;;;
CONTD00240;BARREIRO;20;;;;;;;;;;;;;;
CONTD00346;HUELVA;23;;;;;;;;;;;;;;
CONTD00940;PORTO MARGHERA;16;;;;;;;;;;;;;;
CONTD00866;PASAJES;24;;;;;;;;;;;;;;
CONTD00883;FERROL;14;;;;;;;;;;;;;;
CONTD00305;LUGO;19;;;;;;;;;;;;;;
CONTD00223;LUGO;27;;;;;;;;;;;;;;
CONTD0041;HUELVA;30;;;;;;;;;;;;;;
CONTD00336;BARREIRO;31;;;;;;;;;;;;;;
CONTD00546;HUELVA;30;;;;;;;;;;;;;;
CONTD00230;SANTANDER;15;;;;;;;;;;;;;;
CONTD00183;SANTANDER;13;;;;;;;;;;;;;;
CONTD00896;ALTAMIRA;16;;;;;;;;;;;;;;
CONTD00567;PASAJES;14;;;;;;;;;;;;;;
CONTD00872;A ORDENES;18;;;;;;;;;;;;;;
CONTD00546;HUELVA;11;;;;;;;;;;;;;;
CONTD0035;BAYONNE;25;;;;;;;;;;;;;;
CONTD00404;FERROL;19;;;;;;;;;;;;;;
CONTD00394;BAYONNE;17;;;;;;;;;;;;;;
CONTD00967;A ORDENES;21;;;;;;;;;;;;;;
CONTD00717;ALTAMIRA;27;;;;;;;;;;;;;;
CONTD00897;FERROL;17;;;;;;;;;;;;;;
CONTD00896;SANTANDER;14;;;;;;;;;;;;;;
CONTD0029;HUELVA;22;;;;;;;;;;;;;;
CONTD0023;HUELVA;19;;;;;;;;;;;;;;
CONTD00730;PORTO MARGHERA;21;;;;;;;;;;;;;;
CONTD00405;PORTO MARGHERA;23;;;;;;;;;;;;;;
CONTD00797;A ORDENES;27;;;;;;;;;;;;;;
CONTD00358;BAYONNE;31;;;;;;;;;;;;;;
CONTD00889;PORTO MARGHERA;11;;;;;;;;;;;;;;
CONTD00259;A ORDENES;22;;;;;;;;;;;;;;
CONTD00776;ALTAMIRA;19;;;;;;;;;;;;;;
CONTD00170;FERROL;16;;;;;;;;;;;;;;
CONTD00800;KOVERHAR;21;;;;;;;;;;;;;;
CONTD00349;CASTELLON;30;;;;;;;;;;;;;;
CONTD00473;SALERNO;22;;;;;;;;;;;;;;
CONTD00646;PORTO MARGHERA;13;;;;;;;;;;;;;;
CONTD00545;PORTO MARGHERA;12;;;;;;;;;;;;;;
CONTD00456;LUGO;25;;;;;;;;;;;;;;
CONTD00273;SZCZECIN;23;;;;;;;;;;;;;;
CONTD00926;SZCZECIN;29;;;;;;;;;;;;;;
CONTD00317;HUELVA;21;;;;;;;;;;;;;;
CONTD00597;KOVERHAR;26;;;;;;;;;;;;;;
CONTD00672;FERROL;28;;;;;;;;;;;;;;
CONTD00376;HUELVA;27;;;;;;;;;;;;;;
CONTD00417;ALTAMIRA;25;;;;;;;;;;;;;;
CONTD00321;BARREIRO;23;;;;;;;;;;;;;;
CONTD00970;FERROL;21;;;;;;;;;;;;;;
CONTD00510;PORTO MARGHERA;29;;;;;;;;;;;;;;
CONTD00486;PASAJES;30;;;;;;;;;;;;;;
CONTD00849;LUGO;27;;;;;;;;;;;;;;
CONTD00371;BAYONNE;28;;;;;;;;;;;;;;
CONTD00360;A ORDENES;19;;;;;;;;;;;;;;
CONTD00698;SANTANDER;12;;;;;;;;;;;;;;
CONTD00554;ALTAMIRA;15;;;;;;;;;;;;;;
CONTD0077;BARREIRO;30;;;;;;;;;;;;;;
CONTD00174;ALTAMIRA;23;;;;;;;;;;;;;;
CONTD00953;SALERNO;28;;;;;;;;;;;;;;
CONTD00445;ALTAMIRA;16;;;;;;;;;;;;;;
CONTD00450;LUGO;31;;;;;;;;;;;;;;
CONTD00245;ALTAMIRA;16;;;;;;;;;;;;;;
CONTD00399;LUGO;25;;;;;;;;;;;;;;
CONTD00883;A ORDENES;29;;;;;;;;;;;;;;
CONTD00368;SANTANDER;29;;;;;;;;;;;;;;
CONTD00848;KOVERHAR;17;;;;;;;;;;;;;;
CONTD00672;SALERNO;21;;;;;;;;;;;;;;
CONTD00394;PASAJES;24;;;;;;;;;;;;;;
CONTD00483;PASAJES;22;;;;;;;;;;;;;;
CONTD00890;BARREIRO;22;;;;;;;;;;;;;;
CONTD00882;PASAJES;24;;;;;;;;;;;;;;
CONTD00364;PORTO MARGHERA;13;;;;;;;;;;;;;;
CONTD00109;KOVERHAR;12;;;;;;;;;;;;;;
CONTD00113;BARREIRO;22;;;;;;;;;;;;;;
CONTD0052;ALTAMIRA;24;;;;;;;;;;;;;;
CONTD00298;BARREIRO;17;;;;;;;;;;;;;;
CONTD00650;PASAJES;12;;;;;;;;;;;;;;
CONTD00524;LUGO;18;;;;;;;;;;;;;;
CONTD00345;SZCZECIN;30;;;;;;;;;;;;;;
CONTD00122;PASAJES;24;;;;;;;;;;;;;;
CONTD0075;SALERNO;15;;;;;;;;;;;;;;
CONTD0041;SANTANDER;25;;;11;2;;;;;;;;;;
CONTD00252;KOVERHAR;20;;;17;1;;;;;;;;;;
CONTD00381;BARREIRO;10;;;28;3;;;;;;;;;;
CONTD00884;FERROL;13;;;26;3;;;;;;;;;;
CONTD00578;FERROL;13;;;16;1;;;;;;;;;;
CONTD00117;A ORDENES;17;;;17;3;;;;;;;;;;
CONTD00643;ALTAMIRA;4;;;30;2;;;;;;;;;;
CONTD00158;BARREIRO;28;;;17;3;;;;;;;;;;
CONTD00785;ALTAMIRA;17;;;28;1;;;;;;;;;;
CONTD00195;HUELVA;1;;;24;2;;;;;;;;;;
CONTD00187;LUGO;4;;;19;3;;;;;;;;;;
CONTD00421;PORTO MARGHERA;13;;;27;2;;;;;;;;;;
CONTD00436;SANTANDER;6;;;14;1;;;;;;;;;;
CONTD00794;HUELVA;16;;;15;3;;;;;;;;;;
CONTD0034;LUGO;22;;;23;2;;;;;;;;;;
CONTD00415;GDYNIA;24;;;29;3;;;;;;;;;;
CONTD00947;A ORDENES;15;;;23;2;;;;;;;;;;
CONTD0029;PASAJES;20;;;19;2;;;;;;;;;;
CONTD00300;PORTO MARGHERA;5;;;30;3;;;;;;;;;;
CONTD00403;LUGO;15;;;16;3;;;;;;;;;;
CONTD00748;SZCZECIN;2;;;20;2;;;;;;;;;;
CONTD00944;ALTAMIRA;30;;;24;2;;;;;;;;;;
CONTD00645;LUGO;10;;;25;2;;;;;;;;;;
CONTD00155;SANTANDER;15;;;14;3;;;;;;;;;;
CONTD00302;BAYONNE;9;;;17;3;;;;;;;;;;
CONTD00278;PASAJES;4;;;22;1;;;;;;;;;;
CONTD00183;HUELVA;23;;;22;1;;;;;;;;;;
CONTD00401;GDYNIA;18;;;25;2;;;;;;;;;;
CONTD00555;CASTELLON;16;;;27;1;;;;;;;;;;
CONTD00264;BAYONNE;6;;;12;3;;;;;;;;;;
CONTD00355;FERROL;30;;;22;3;;;;;;;;;;
CONTD00806;BARREIRO;29;;;27;2;;;;;;;;;;
CONTD0030;SZCZECIN;3;;;18;2;;;;;;;;;;
CONTD00636;CASTELLON;6;;;17;2;;;;;;;;;;
CONTD00298;ALTAMIRA;25;;;14;2;;;;;;;;;;
CONTD00693;CASTELLON;2;;;25;2;;;;;;;;;;
CONTD00414;HUELVA;19;;;12;3;;;;;;;;;;
CONTD00626;BAYONNE;23;;;22;3;;;;;;;;;;
CONTD00160;FERROL;31;;;28;2;;;;;;;;;;
CONTD00868;ALTAMIRA;7;;;27;3;;;;;;;;;;
CONTD00696;SANTANDER;13;;;29;2;;;;;;;;;;
CONTD00812;KOVERHAR;22;;;23;3;;;;;;;;;;
CONTD00583;KOVERHAR;20;;;20;1;;;;;;;;;;
CONTD00551;SALERNO;3;;;20;3;;;;;;;;;;
CONTD00911;PASAJES;6;;;23;1;;;;;;;;;;
CONTD00892;SZCZECIN;6;;;18;2;;;;;;;;;;
CONTD00555;PASAJES;8;;;16;2;;;;;;;;;;
CONTD00724;GDYNIA;4;;;31;3;;;;;;;;;;
CONTD00406;KOVERHAR;9;;;24;2;;;;;;;;;;
CONTD00304;KOVERHAR;7;;;24;1;;;;;;;;;;
CONTD00431;SANTANDER;12;;;13;2;;;;;;;;;;
CONTD00211;A ORDENES;5;;;29;3;;;;;;;;;;
CONTD00165;BAYONNE;16;;;16;2;;;;;;;;;;
CONTD0095;SANTANDER;17;;;29;1;;;;;;;;;;
CONTD00207;SZCZECIN;14;;;18;1;;;;;;;;;;
CONTD00779;PORTO MARGHERA;11;;;30;2;;;;;;;;;;
CONTD00165;SANTANDER;7;;;26;2;;;;;;;;;;
CONTD00202;HUELVA;28;;;29;2;;;;;;;;;;
CONTD00402;BAYONNE;2;;;14;3;;;;;;;;;;
CONTD00385;SANTANDER;5;;;29;2;;;;;;;;;;
CONTD00750;A ORDENES;17;;;26;1;;;;;;;;;;
CONTD00213;FERROL;4;;;24;2;;;;;;;;;;
CONTD00145;KOVERHAR;20;;;26;3;;;;;;;;;;
CONTD0037;PASAJES;4;;;25;1;;;;;;;;;;
CONTD00876;SANTANDER;29;;;27;2;;;;;;;;;;
CONTD00114;SANTANDER;12;;;20;2;;;;;;;;;;
CONTD00100;SZCZECIN;18;;;18;1;;;;;;;;;;
CONTD00495;BAYONNE;13;;;24;2;;;;;;;;;;
CONTD00732;PASAJES;25;;;21;2;;;;;;;;;;
CONTD00134;ALTAMIRA;4;;;19;2;;;;;;;;;;
CONTD00873;LUGO;30;;;18;2;;;;;;;;;;
CONTD00889;GDYNIA;19;;;29;2;;;;;;;;;;
CONTD0084;PASAJES;13;;;30;1;;;;;;;;;;
CONTD00769;LUGO;25;;;15;2;;;;;;;;;;
CONTD00736;KOVERHAR;14;;;20;1;;;;;;;;;;
CONTD00927;HUELVA;11;;;18;2;;;;;;;;;;
CONTD00365;PASAJES;8;;;30;2;;;;;;;;;;
CONTD00735;ALTAMIRA;17;;;27;3;;;;;;;;;;
CONTD00322;SANTANDER;29;;;20;2;;;;;;;;;;
CONTD0053;A ORDENES;29;;;13;1;;;;;;;;;;
CONTD00265;PASAJES;14;;;22;2;;;;;;;;;;
CONTD0013;LUGO;13;;;20;1;;;;;;;;;;
CONTD00502;CASTELLON;17;;;14;2;;;;;;;;;;
CONTD00885;FERROL;11;;;22;2;;;;;;;;;;
CONTD00378;PASAJES;18;;;11;1;;;;;;;;;;
CONTD00671;BAYONNE;27;;;22;2;;;;;;;;;;
CONTD00794;GDYNIA;10;;;21;2;;;;;;;;;;
CONTD00192;SZCZECIN;31;;;24;2;;;;;;;;;;
CONTD00592;A ORDENES;18;;;14;1;;;;;;;;;;
CONTD00330;BAYONNE;1;;;16;3;;;;;;;;;;
CONTD00977;SZCZECIN;29;;;15;2;;;;;;;;;;
CONTD00379;ALTAMIRA;13;;;17;3;;;;;;;;;;
CONTD00739;FERROL;12;;;15;2;;;;;;;;;;
CONTD0096;CASTELLON;6;;;22;3;;;;;;;;;;
CONTD00270;ALTAMIRA;23;;;23;2;;;;;;;;;;
CONTD00808;LUGO;7;;;17;3;;;;;;;;;;
CONTD00861;PORTO MARGHERA;26;;;27;3;;;;;;;;;;
CONTD00143;SZCZECIN;18;;;13;3;;;;;;;;;;
CONTD00628;SZCZECIN;6;;;15;3;;;;;;;;;;
CONTD00186;FERROL;10;;;13;1;;;;;;;;;;
CONTD00693;PASAJES;9;;;26;2;;;;;;;;;;
CONTD00325;FERROL;10;;;28;2;;;;;;;;;;
CONTD00486;PASAJES;23;;;18;1;;;;;;;;;;
CONTD00564;ALTAMIRA;2;;;14;1;;;;;;;;;;
CONTD00723;CASTELLON;12;;;19;2;;;;;;;;;;
CONTD00300;BAYONNE;10;;;12;2;;;;;;;;;;
CONTD00161;ALTAMIRA;18;;;18;2;;;;;;;;;;
CONTD00641;A ORDENES;2;;;19;2;;;;;;;;;;
CONTD00404;A ORDENES;5;;;14;2;;;;;;;;;;
CONTD00443;GDYNIA;28;;;15;2;;;;;;;;;;
CONTD00145;KOVERHAR;29;;;16;2;;;;;;;;;;
CONTD00225;FERROL;4;;;18;2;;;;;;;;;;
CONTD00872;PASAJES;9;;;21;1;;;;;;;;;;
CONTD00388;PORTO MARGHERA;3;;;12;2;;;;;;;;;;
CONTD00241;KOVERHAR;20;;;31;3;;;;;;;;;;
CONTD00730;FERROL;7;;;28;2;;;;;;;;;;
CONTD00555;PORTO MARGHERA;4;;;24;2;;;;;;;;;;
CONTD00141;HUELVA;4;;;14;2;;;;;;;;;;
CONTD00864;SALERNO;7;;;30;1;;;;;;;;;;
CONTD00318;A ORDENES;12;;;28;2;;;;;;;;;;
CONTD00161;BARREIRO;3;;;26;1;;;;;;;;;;
CONTD003;SZCZECIN;30;;;21;2;;;;;;;;;;
CONTD00882;BARREIRO;8;;;19;3;;;;;;;;;;
CONTD00737;HUELVA;14;;;20;2;;;;;;;;;;
CONTD00400;PORTO MARGHERA;17;;;23;2;;;;;;;;;;
CONTD00205;PASAJES;23;;;16;3;;;;;;;;;;
CONTD0086;FERROL;19;;;24;2;;;;;;;;;;
CONTD00779;LUGO;30;;;14;2;;;;;;;;;;
CONTD00382;LUGO;30;;;19;2;;;;;;;;;;
CONTD00171;HUELVA;18;;;27;1;;;;;;;;;;
CONTD00592;BARREIRO;10;;;30;3;;;;;;;;;;
CONTD00297;HUELVA;14;;;31;2;;;;;;;;;;
CONTD00183;SANTANDER;2;;;30;2;;;;;;;;;;
CONTD00431;SANTANDER;8;;;15;2;;;;;;;;;;
CONTD00842;ALTAMIRA;23;;;13;2;;;;;;;;;;
CONTD00100;PASAJES;17;;;16;2;;;;;;;;;;
CONTD00316;A ORDENES;10;;;14;3;;;;;;;;;;
CONTD00736;HUELVA;17;;;18;3;;;;;;;;;;
CONTD00551;BAYONNE;26;;;11;3;;;;;;;;;;
CONTD00912;FERROL;26;;;25;2;;;;;;;;;;
CONTD0026;BAYONNE;4;;;19;2;;;;;;;;;;
CONTD00699;A ORDENES;15;;;17;2;;;;;;;;;;
CONTD0021;ALTAMIRA;8;;;21;3;;;;;;;;;;
CONTD00748;FERROL;30;;;27;2;;;;;;;;;;
CONTD00628;SANTANDER;25;;;17;2;;;;;;;;;;
CONTD00915;HUELVA;15;;;14;1;;;;;;;;;;
CONTD00867;HUELVA;17;;;22;2;;;;;;;;;;
CONTD00901;PORTO MARGHERA;18;;;19;3;;;;;;;;;;
CONTD00145;PORTO MARGHERA;11;;;21;1;;;;;;;;;;
CONTD00116;A ORDENES;16;;;23;3;;;;;;;;;;
CONTD00123;BAYONNE;10;;;27;3;;;;;;;;;;
CONTD00228;PORTO MARGHERA;11;;;31;2;;;;;;;;;;
CONTD00773;A ORDENES;19;;;11;3;;;;;;;;;;
CONTD00543;ALTAMIRA;28;;;22;1;;;;;;;;;;
CONTD00683;FERROL;27;;;19;1;;;;;;;;;;
CONTD00196;KOVERHAR;29;;;16;3;;;;;;;;;;
CONTD00350;CASTELLON;9;;;21;2;;;;;;;;;;
CONTD00771;SALERNO;20;;;30;2;;;;;;;;;;
CONTD00456;PORTO MARGHERA;24;;;22;3;;;;;;;;;;
CONTD00783;PORTO MARGHERA;24;;;13;2;;;;;;;;;;
CONTD00791;LUGO;11;;;12;2;;;;;;;;;;
CONTD00444;SZCZECIN;8;;;25;2;;;;;;;;;;
CONTD00174;SZCZECIN;9;;;23;1;;;;;;;;;;
CONTD00757;HUELVA;29;;;29;1;;;;;;;;;;
CONTD0030;KOVERHAR;7;;;21;1;;;;;;;;;;
CONTD0071;FERROL;24;;;26;1;;;;;;;;;;
CONTD00183;HUELVA;16;;;28;2;;;;;;;;;;
CONTD00269;ALTAMIRA;16;;;27;2;;;;;;;;;;
CONTD00957;BARREIRO;24;;;25;2;;;;;;;;;;
CONTD00654;FERROL;2;;;23;2;;;;;;;;;;
CONTD00443;PORTO MARGHERA;2;;;21;3;;;;;;;;;;
CONTD00423;PASAJES;23;;;29;2;;;;;;;;;;
CONTD0072;LUGO;20;;;30;2;;;;;;;;;;
CONTD00209;BAYONNE;22;;;27;1;;;;;;;;;;
CONTD00824;A ORDENES;28;;;28;1;;;;;;;;;;
CONTD00267;SANTANDER;25;;;19;1;;;;;;;;;;
CONTD00337;ALTAMIRA;26;;;12;2;;;;;;;;;;
CONTD00132;BARREIRO;3;;;15;1;;;;;;;;;;
CONTD00495;ALTAMIRA;29;;;30;2;;;;;;;;;;
CONTD00954;SALERNO;18;;;23;3;;;;;;;;;;
CONTD00598;ALTAMIRA;23;;;28;2;;;;;;;;;;
CONTD0061;LUGO;28;;;16;2;;;;;;;;;;
CONTD00186;ALTAMIRA;25;;;31;3;;;;;;;;;;
CONTD00403;LUGO;27;;;16;2;;;;;;;;;;
CONTD00482;A ORDENES;24;;;25;3;;;;;;;;;;
CONTD00452;SANTANDER;15;;;29;2;;;;;;;;;;
CONTD00209;KOVERHAR;26;;;29;2;;;;;;;;;;
CONTD00636;SALERNO;18;;;17;1;;;;;;;;;;
CONTD00690;PASAJES;10;;;21;3;;;;;;;;;;
CONTD001;PASAJES;14;;;24;3;;;;;;;;;;
CONTD00500;BARREIRO;29;;;22;3;;;;;;;;;;
CONTD00570;PASAJES;23;;;22;1;;;;;;;;;;
CONTD00413;PORTO MARGHERA;12;;;24;3;;;;;;;;;;
CONTD00119;KOVERHAR;23;;;13;1;;;;;;;;;;
CONTD00866;BARREIRO;3;;;12;3;;;;;;;;;;
CONTD00201;ALTAMIRA;26;;;22;2;;;;;;;;;;
CONTD00381;BARREIRO;11;;;24;2;;;;;;;;;;
CONTD00315;PASAJES;5;;;17;2;;;;;;;;;;
CONTD0039;LUGO;29;;;12;1;;;;;;;;;;
CONTD00836;SZCZECIN;6;;;18;3;;;;;;;;;;
CONTD00847;PASAJES;17;;;30;1;;;;;;;;;;
CONTD00169;SALERNO;8;;;24;2;;;;;;;;;;
CONTD00933;SANTANDER;20;;;;;;;;;;;;;;
CONTD00204;KOVERHAR;26;;;;;;;;;;;;;;
CONTD00656;BARREIRO;30;;;;;;;;;;;;;;
CONTD00875;FERROL;13;;;;;;;;;;;;;;
CONTD00361;FERROL;5;;;;;;;;;;;;;;
CONTD0016;A ORDENES;7;;;;;;;;;;;;;;
CONTD00953;ALTAMIRA;18;;;;;;;;;;;;;;
CONTD0011;BARREIRO;7;;;;;;;;;;;;;;
CONTD00874;ALTAMIRA;3;;;;;;;;;;;;;;
CONTD00725;HUELVA;19;;;;;;;;;;;;;;
CONTD00358;LUGO;18;;;;;;;;;;;;;;
CONTD00503;PORTO MARGHERA;19;;;;;;;;;;;;;;
CONTD00744;SANTANDER;21;;;;;;;;;;;;;;
CONTD00750;HUELVA;30;;;;;;;;;;;;;;
CONTD00946;LUGO;24;;;;;;;;;;;;;;
CONTD00717;GDYNIA;3;;;;;;;;;;;;;;
CONTD00555;A ORDENES;22;;;;;;;;;;;;;;
CONTD0072;PASAJES;2;;;;;;;;;;;;;;
CONTD00649;PORTO MARGHERA;14;;;;;;;;;;;;;;
CONTD00447;LUGO;9;;;;;;;;;;;;;;
CONTD00122;SZCZECIN;27;;;;;;;;;;;;;;
CONTD00383;ALTAMIRA;12;;;;;;;;;;;;;;
CONTD00183;LUGO;9;;;;;;;;;;;;;;
CONTD00332;SANTANDER;1;;;;;;;;;;;;;;
CONTD00580;BAYONNE;11;;;;;;;;;;;;;;
CONTD00819;PASAJES;7;;;;;;;;;;;;;;
CONTD00928;HUELVA;14;;;;;;;;;;;;;;
CONTD00200;GDYNIA;14;;;;;;;;;;;;;;
CONTD0016;CASTELLON;12;;;;;;;;;;;;;;
CONTD00164;BAYONNE;12;;;;;;;;;;;;;;
CONTD00116;FERROL;4;;;;;;;;;;;;;;
CONTD00592;BARREIRO;5;;;;;;;;;;;;;;
CONTD00725;SZCZECIN;18;;;;;;;;;;;;;;
CONTD00224;CASTELLON;4;;;;;;;;;;;;;;
CONTD00980;ALTAMIRA;4;;;;;;;;;;;;;;
CONTD00483;CASTELLON;21;;;;;;;;;;;;;;
CONTD00667;HUELVA;21;;;;;;;;;;;;;;
CONTD00501;BAYONNE;2;;;;;;;;;;;;;;
CONTD00396;FERROL;17;;;;;;;;;;;;;;
CONTD00248;ALTAMIRA;16;;;;;;;;;;;;;;
CONTD00287;SANTANDER;17;;;;;;;;;;;;;;
CONTD00472;KOVERHAR;20;;;;;;;;;;;;;;
CONTD00566;KOVERHAR;24;;;;;;;;;;;;;;
CONTD00226;SALERNO;14;;;;;;;;;;;;;;
CONTD00779;PASAJES;20;;;;;;;;;;;;;;
CONTD00904;SZCZECIN;28;;;;;;;;;;;;;;
CONTD00962;PASAJES;17;;;;;;;;;;;;;;
CONTD00412;GDYNIA;6;;;;;;;;;;;;;;
CONTD00112;KOVERHAR;29;;;;;;;;;;;;;;
CONTD0066;KOVERHAR;16;;;;;;;;;;;;;;
CONTD0063;SANTANDER;25;;;;;;;;;;;;;;
CONTD00402;A ORDENES;3;;;;;;;;;;;;;;
CONTD00385;BAYONNE;18;;;;;;;;;;;;;;
CONTD00990;SANTANDER;26;;;;;;;;;;;;;;
CONTD00509;SZCZECIN;20;;;;;;;;;;;;;;
CONTD00579;PORTO MARGHERA;13;;;;;;;;;;;;;;
CONTD00499;SANTANDER;31;;;;;;;;;;;;;;
CONTD00937;HUELVA;23;;;;;;;;;;;;;;
CONTD00841;BAYONNE;3;;;;;;;;;;;;;;
CONTD00189;SANTANDER;21;;;;;;;;;;;;;;
CONTD00703;A ORDENES;29;;;;;;;;;;;;;;
CONTD00581;FERROL;18;;;;;;;;;;;;;;
CONTD00325;KOVERHAR;25;;;;;;;;;;;;;;
CONTD00349;PASAJES;29;;;;;;;;;;;;;;
CONTD00576;SANTANDER;21;;;;;;;;;;;;;;
CONTD0096;SANTANDER;26;;;;;;;;;;;;;;
CONTD00388;SZCZECIN;28;;;;;;;;;;;;;;
CONTD00981;BAYONNE;25;;;;;;;;;;;;;;
CONTD00994;PASAJES;30;;;;;;;;;;;;;;
CONTD00328;ALTAMIRA;19;;;;;;;;;;;;;;
CONTD00509;LUGO;5;;;;;;;;;;;;;;
CONTD00150;GDYNIA;17;;;;;;;;;;;;;;
CONTD00501;PASAJES;21;;;;;;;;;;;;;;
CONTD00423;LUGO;29;;;;;;;;;;;;;;
CONTD00299;KOVERHAR;11;;;;;;;;;;;;;;
CONTD00820;HUELVA;2;;;;;;;;;;;;;;
CONTD00706;PASAJES;22;;;;;;;;;;;;;;
CONTD0076;ALTAMIRA;28;;;;;;;;;;;;;;
CONTD00188;SANTANDER;22;;;;;;;;;;;;;;
CONTD00618;A ORDENES;19;;;;;;;;;;;;;;
CONTD00501;PASAJES;17;;;;;;;;;;;;;;
CONTD00599;LUGO;25;;;;;;;;;;;;;;
CONTD00587;CASTELLON;8;;;;;;;;;;;;;;
CONTD00465;FERROL;7;;;;;;;;;;;;;;
CONTD00281;PASAJES;6;;;;;;;;;;;;;;
CONTD00755;BAYONNE;9;;;;;;;;;;;;;;
CONTD00666;GDYNIA;5;;;;;;;;;;;;;;
CONTD00755;SZCZECIN;7;;;;;;;;;;;;;;
CONTD00491;A ORDENES;5;;;;;;;;;;;;;;
CONTD00414;BAYONNE;15;;;;;;;;;;;;;;
CONTD00493;SZCZECIN;4;;;;;;;;;;;;;;
CONTD00303;ALTAMIRA;25;;;;;;;;;;;;;;
CONTD00630;FERROL;15;;;;;;;;;;;;;;
CONTD00292;CASTELLON;22;;;;;;;;;;;;;;
CONTD00665;ALTAMIRA;15;;;;;;;;;;;;;;
CONTD00448;LUGO;6;;;;;;;;;;;;;;
CONTD00170;PORTO MARGHERA;23;;;;;;;;;;;;;;
CONTD0011;SZCZECIN;15;;;;;;;;;;;;;;
CONTD00348;SZCZECIN;27;;;;;;;;;;;;;;
CONTD00413;FERROL;16;;;;;;;;;;;;;;
CONTD00226;PASAJES;25;;;;;;;;;;;;;;
CONTD00845;FERROL;17;;;;;;;;;;;;;;
CONTD00102;PASAJES;9;;;;;;;;;;;;;;
CONTD00830;ALTAMIRA;26;;;;;;;;;;;;;;
CONTD007;CASTELLON;5;;;;;;;;;;;;;;
CONTD00979;BAYONNE;12;;;;;;;;;;;;;;
CONTD00438;ALTAMIRA;30;;;;;;;;;;;;;;
CONTD00758;A ORDENES;20;;;;;;;;;;;;;;
CONTD00991;A ORDENES;26;;;;;;;;;;;;;;
CONTD00127;GDYNIA;30;;;;;;;;;;;;;;
CONTD00397;KOVERHAR;2;;;;;;;;;;;;;;
CONTD00749;FERROL;10;;;;;;;;;;;;;;
CONTD00233;PASAJES;14;;;;;;;;;;;;;;
CONTD00420;PORTO MARGHERA;30;;;;;;;;;;;;;;
CONTD00679;KOVERHAR;21;;;;;;;;;;;;;;
CONTD00760;FERROL;29;;;;;;;;;;;;;;
CONTD00953;PORTO MARGHERA;20;;;;;;;;;;;;;;
CONTD00237;HUELVA;10;;;;;;;;;;;;;;
CONTD00252;SALERNO;19;;;;;;;;;;;;;;
CONTD00134;A ORDENES;1;;;;;;;;;;;;;;
CONTD00385;BARREIRO;19;;;;;;;;;;;;;;
CONTD00348;SZCZECIN;29;;;;;;;;;;;;;;
CONTD00353;BARREIRO;12;;;;;;;;;;;;;;
CONTD00810;HUELVA;22;;;;;;;;;;;;;;
CONTD00133;PORTO MARGHERA;3;;;;;;;;;;;;;;
CONTD00310;PASAJES;17;;;;;;;;;;;;;;
CONTD00224;FERROL;16;;;;;;;;;;;;;;
CONTD00771;LUGO;27;;;;;;;;;;;;;;
CONTD00430;LUGO;14;;;;;;;;;;;;;;
CONTD00740;HUELVA;20;;;;;;;;;;;;;;
CONTD0067;BARREIRO;26;;;;;;;;;;;;;;
CONTD00546;HUELVA;17;;;;;;;;;;;;;;
CONTD00589;SANTANDER;11;;;;;;;;;;;;;;
CONTD00250;SANTANDER;12;;;;;;;;;;;;;;
CONTD00372;ALTAMIRA;16;;;;;;;;;;;;;;
CONTD00567;PASAJES;17;;;;;;;;;;;;;;
CONTD00320;A ORDENES;22;;;;;;;;;;;;;;
CONTD00248;HUELVA;18;;;;;;;;;;;;;;
CONTD00104;BAYONNE;5;;;;;;;;;;;;;;
CONTD00760;FERROL;9;;;;;;;;;;;;;;
CONTD00495;BAYONNE;6;;;;;;;;;;;;;;
CONTD00620;A ORDENES;4;;;;;;;;;;;;;;
CONTD00973;ALTAMIRA;1;;;;;;;;;;;;;;
CONTD00616;FERROL;14;;;;;;;;;;;;;;
CONTD00744;SANTANDER;22;;;;;;;;;;;;;;
CONTD00650;HUELVA;8;;;;;;;;;;;;;;
CONTD00184;HUELVA;10;;;;;;;;;;;;;;
CONTD00842;PORTO MARGHERA;14;;;;;;;;;;;;;;
CONTD00729;PORTO MARGHERA;16;;;;;;;;;;;;;;
CONTD00354;A ORDENES;31;;;;;;;;;;;;;;
CONTD00542;BAYONNE;27;;;;;;;;;;;;;;
CONTD00881;PORTO MARGHERA;6;;;;;;;;;;;;;;
CONTD00572;A ORDENES;4;;;;;;;;;;;;;;
CONTD00363;ALTAMIRA;22;;;;;;;;;;;;;;
CONTD00451;FERROL;22;;;;;;;;;;;;;;
CONTD0043;KOVERHAR;26;;;;;;;;;;;;;;
CONTD00327;CASTELLON;22;;;;;;;;;;;;;;
CONTD0089;SALERNO;29;;;;;;;;;;;;;;
CONTD00985;PORTO MARGHERA;23;;;;;;;;;;;;;;
CONTD00864;PORTO MARGHERA;18;;;;;;;;;;;;;;
CONTD00336;LUGO;25;;;;;;;;;;;;;;
CONTD00872;SZCZECIN;20;;;;;;;;;;;;;;
CONTD00729;SZCZECIN;18;;;;;;;;;;;;;;
CONTD00932;HUELVA;7;;;;;;;;;;;;;;
CONTD0079;KOVERHAR;23;;;;;;;;;;;;;;
CONTD00340;FERROL;21;;;;;;;;;;;;;;
CONTD00136;HUELVA;30;;;;;;;;;;;;;;
CONTD0068;ALTAMIRA;28;;;;;;;;;;;;;;
CONTD009;BARREIRO;21;;;;;;;;;;;;;;
CONTD00665;FERROL;6;;;;;;;;;;;;;;
CONTD00496;PORTO MARGHERA;10;;;;;;;;;;;;;;
CONTD00149;PASAJES;28;;;;;;;;;;;;;;
CONTD00469;LUGO;30;;;;;;;;;;;;;;
CONTD00146;BAYONNE;2;;;;;;;;;;;;;;
CONTD00115;A ORDENES;5;;;;;;;;;;;;;;
CONTD00828;SANTANDER;9;;;;;;;;;;;;;;
CONTD00912;ALTAMIRA;23;;;;;;;;;;;;;;
CONTD00420;BARREIRO;18;;;;;;;;;;;;;;
CONTD0038;ALTAMIRA;24;;;;;;;;;;;;;;
CONTD00835;SALERNO;16;;;;;;;;;;;;;;
CONTD00679;ALTAMIRA;19;;;;;;;;;;;;;;
CONTD0080;LUGO;15;;;;;;;;;;;;;;
CONTD00486;ALTAMIRA;25;;;;;;;;;;;;;;
CONTD00180;LUGO;3;;;;;;;;;;;;;;
CONTD00890;A ORDENES;14;;;;;;;;;;;;;;
CONTD00482;SANTANDER;13;;;;;;;;;;;;;;
CONTD00993;KOVERHAR;16;;;;;;;;;;;;;;
CONTD00844;SALERNO;20;;;;;;;;;;;;;;
CONTD00297;PASAJES;1;;;;;;;;;;;;;;
CONTD00478;PASAJES;2;;;;;;;;;;;;;;
CONTD00437;BARREIRO;19;;;;;;;;;;;;;;
CONTD00984;PASAJES;3;;;;;;;;;;;;;;
CONTD00240;PORTO MARGHERA;15;;;;;;;;;;;;;;
CONTD00448;KOVERHAR;7;;;;;;;;;;;;;;
CONTD00194;BARREIRO;10;;;;;;;;;;;;;;
CONTD00986;ALTAMIRA;19;;;;;;;;;;;;;;
CONTD00855;BARREIRO;10;;;;;;;;;;;;;;
CONTD00183;PASAJES;9;;;;;;;;;;;;;;
CONTD00808;LUGO;23;;;;;;;;;;;;;;
CONTD00316;SZCZECIN;29;;;;;;;;;;;;;;
CONTD00204;PASAJES;14;;;;;;;;;;;;;;
CONTD00738;SALERNO;29;;;;;;;;;;;;;;
CONTD0079;SANTANDER;14;;;;;;;;;;;;;;
CONTD00606;KOVERHAR;17;;;;;;;;;;;;;;
CONTD0081;BARREIRO;4;;;;;;;;;;;;;;
CONTD00923;FERROL;12;;;;;;;;;;;;;;
CONTD00122;FERROL;12;;;;;;;;;;;;;;
CONTD00704;A ORDENES;11;;;;;;;;;;;;;;
CONTD00162;ALTAMIRA;3;;;;;;;;;;;;;;
CONTD00134;BARREIRO;10;;;;;;;;;;;;;;
CONTD00425;ALTAMIRA;31;;;;;;;;;;;;;;
CONTD00830;HUELVA;28;;;;;;;;;;;;;;
CONTD00901;LUGO;9;;;;;;;;;;;;;;
CONTD00937;PORTO MARGHERA;15;;;;;;;;;;;;;;
CONTD00247;SANTANDER;8;;;;;;;;;;;;;;
CONTD00393;HUELVA;22;;;;;;;;;;;;;;
CONTD00527;LUGO;17;;;;;;;;;;;;;;
CONTD00515;GDYNIA;30;;;;;;;;;;;;;;
CONTD00332;A ORDENES;5;;;;;;;;;;;;;;
CONTD00195;PASAJES;23;;;;;;;;;;;;;;
CONTD00525;PORTO MARGHERA;14;;;;;;;;;;;;;;
CONTD00162;LUGO;26;;;;;;;;;;;;;;
CONTD00570;SZCZECIN;18;;;;;;;;;;;;;;
CONTD00766;ALTAMIRA;2;;;;;;;;;;;;;;
CONTD00768;LUGO;7;;;;;;;;;;;;;;
CONTD00244;SANTANDER;12;;;;;;;;;;;;;;
CONTD00989;BAYONNE;25;;;;;;;;;;;;;;
CONTD00971;PASAJES;6;;;;;;;;;;;;;;
CONTD00703;HUELVA;27;;;;;;;;;;;;;;
CONTD00648;GDYNIA;12;;;;;;;;;;;;;;
CONTD00396;CASTELLON;26;;;;;;;;;;;;;;
CONTD00770;BAYONNE;9;;;;;;;;;;;;;;
CONTD00407;FERROL;1;;;;;;;;;;;;;;
CONTD00749;BARREIRO;31;;;;;;;;;;;;;;
CONTD00960;SZCZECIN;19;;;;;;;;;;;;;;
CONTD00850;CASTELLON;24;;;;;;;;;;;;;;
CONTD00304;ALTAMIRA;20;;;;;;;;;;;;;;
CONTD00282;CASTELLON;21;;;;;;;;;;;;;;
CONTD00327;HUELVA;2;;;;;;;;;;;;;;
CONTD00832;BAYONNE;14;;;;;;;;;;;;;;
CONTD00194;FERROL;8;;;;;;;;;;;;;;
CONTD00365;ALTAMIRA;22;;;;;;;;;;;;;;
CONTD00144;SANTANDER;1;;;;;;;;;;;;;;
CONTD00926;KOVERHAR;20;;;;;;;;;;;;;;
CONTD00689;KOVERHAR;18;;;;;;;;;;;;;;
CONTD00889;SALERNO;29;;;;;;;;;;;;;;
CONTD00993;PASAJES;4;;;;;;;;;;;;;;
CONTD00253;SZCZECIN;16;;;;;;;;;;;;;;
CONTD00498;PASAJES;28;;;;;;;;;;;;;;
CONTD00183;GDYNIA;5;;;;;;;;;;;;;;
CONTD00383;KOVERHAR;24;;;;;;;;;;;;;;
CONTD00122;KOVERHAR;18;;;;;;;;;;;;;;
CONTD0033;SANTANDER;27;;;;;;;;;;;;;;
CONTD00738;A ORDENES;4;;;;;;;;;;;;;;
CONTD00483;BAYONNE;29;;;;;;;;;;;;;;
CONTD0075;SANTANDER;11;;;;;;;;;;;;;;
CONTD00362;SZCZECIN;25;;;;;;;;;;;;;;
CONTD00128;PORTO MARGHERA;5;;;;;;;;;;;;;;
CONTD00872;SANTANDER;20;;;;;;;;;;;;;;
CONTD00484;HUELVA;22;;;;;;;;;;;;;;
CONTD00387;BAYONNE;25;;;;;;;;;;;;;;
CONTD00791;SANTANDER;26;;;;;;;;;;;;;;
CONTD00231;A ORDENES;19;;;;;;;;;;;;;;
CONTD00179;FERROL;22;;;;;;;;;;;;;;
CONTD00320;KOVERHAR;19;;;;;;;;;;;;;;
CONTD00925;PASAJES;17;;;;;;;;;;;;;;
CONTD00180;SANTANDER;26;;;;;;;;;;;;;;
CONTD00489;SANTANDER;3;;;;;;;;;;;;;;
CONTD00839;SZCZECIN;20;;;;;;;;;;;;;;
CONTD00454;BAYONNE;16;;;;;;;;;;;;;;
CONTD00506;PASAJES;26;;;;;;;;;;;;;;
CONTD00411;ALTAMIRA;24;;;;;;;;;;;;;;
CONTD00952;LUGO;27;;;;;;;;;;;;;;
CONTD00696;GDYNIA;29;;;;;;;;;;;;;;
CONTD0079;PASAJES;19;;;;;;;;;;;;;;
CONTD0071;LUGO;21;;;;;;;;;;;;;;
CONTD00471;KOVERHAR;6;;;;;;;;;;;;;;
CONTD00904;HUELVA;10;;;;;;;;;;;;;;
CONTD00978;PASAJES;2;;;;;;;;;;;;;;
CONTD00405;ALTAMIRA;24;;;;;;;;;;;;;;
CONTD00468;SANTANDER;1;;;;;;;;;;;;;;
CONTD00241;A ORDENES;5;;;;;;;;;;;;;;
CONTD00509;PASAJES;24;;;;;;;;;;;;;;
CONTD00891;LUGO;26;;;;;;;;;;;;;;
CONTD00825;CASTELLON;5;;;;;;;;;;;;;;
CONTD00402;FERROL;17;;;;;;;;;;;;;;
CONTD00420;PASAJES;24;;;;;;;;;;;;;;
CONTD00936;BAYONNE;24;;;;;;;;;;;;;;
CONTD00115;GDYNIA;26;;;;;;;;;;;;;;
CONTD00465;SZCZECIN;17;;;;;;;;;;;;;;
CONTD00530;A ORDENES;12;;;;;;;;;;;;;;
CONTD00696;BAYONNE;26;;;;;;;;;;;;;;
CONTD0085;SZCZECIN;1;;;;;;;;;;;;;;
CONTD00300;ALTAMIRA;21;;;;;;;;;;;;;;
CONTD00484;FERROL;6;;;;;;;;;;;;;;
CONTD00935;CASTELLON;5;;;;;;;;;;;;;;
CONTD00929;ALTAMIRA;7;;;;;;;;;;;;;;
CONTD00801;LUGO;30;;;;;;;;;;;;;;
CONTD00931;PORTO MARGHERA;5;;;;;;;;;;;;;;
CONTD0039;SZCZECIN;29;;;;;;;;;;;;;;
CONTD00713;SZCZECIN;24;;;;;;;;;;;;;;
CONTD00459;FERROL;11;;;;;;;;;;;;;;
CONTD0048;PASAJES;5;;;;;;;;;;;;;;
CONTD00750;FERROL;29;;;;;;;;;;;;;;
CONTD00320;PASAJES;2;;;;;;;;;;;;;;
CONTD00145;ALTAMIRA;30;;;;;;;;;;;;;;
CONTD00655;CASTELLON;2;;;;;;;;;;;;;;
CONTD00215;BAYONNE;20;;;;;;;;;;;;;;
CONTD00110;ALTAMIRA;29;;;;;;;;;;;;;;
CONTD00645;A ORDENES;9;;;;;;;;;;;;;;
CONTD00813;A ORDENES;13;;;;;;;;;;;;;;
CONTD00817;GDYNIA;13;;;;;;;;;;;;;;
CONTD00125;KOVERHAR;16;;;;;;;;;;;;;;
CONTD00987;FERROL;14;;;;;;;;;;;;;;
CONTD00561;PASAJES;10;;;;;;;;;;;;;;
CONTD00225;PORTO MARGHERA;2;;;;;;;;;;;;;;
CONTD0075;KOVERHAR;27;;;;;;;;;;;;;;
CONTD00731;FERROL;11;;;;;;;;;;;;;;
CONTD00404;PORTO MARGHERA;30;;;;;;;;;;;;;;
CONTD00511;HUELVA;5;;;;;;;;;;;;;;
CONTD00229;SALERNO;28;;;;;;;;;;;;;;
CONTD00751;A ORDENES;5;;;;;;;;;;;;;;
CONTD00426;BARREIRO;7;;;;;;;;;;;;;;
CONTD00550;SZCZECIN;11;;;;;;;;;;;;;;
CONTD00952;BARREIRO;16;;;;;;;;;;;;;;
CONTD00479;HUELVA;17;;;;;;;;;;;;;;
CONTD00427;PORTO MARGHERA;29;;;;;;;;;;;;;;
CONTD00239;PASAJES;27;;;;;;;;;;;;;;
CONTD00944;FERROL;24;;;;;;;;;;;;;;
CONTD00604;LUGO;26;;;;;;;;;;;;;;
CONTD00709;LUGO;2;;;;;;;;;;;;;;
CONTD00631;HUELVA;23;;;;;;;;;;;;;;
CONTD00115;BARREIRO;23;;;;;;;;;;;;;;
CONTD00552;HUELVA;26;;;;;;;;;;;;;;
CONTD00297;SANTANDER;26;;;;;;;;;;;;;;
CONTD00904;SANTANDER;3;;;;;;;;;;;;;;
CONTD00950;ALTAMIRA;28;;;;;;;;;;;;;;
CONTD00215;PASAJES;11;;;;;;;;;;;;;;
CONTD00861;A ORDENES;21;;;;;;;;;;;;;;
CONTD00818;HUELVA;16;;;;;;;;;;;;;;
CONTD00975;BAYONNE;23;;;;;;;;;;;;;;
CONTD0025;FERROL;22;;;;;;;;;;;;;;
CONTD00228;BAYONNE;14;;;;;;;;;;;;;;
CONTD00212;A ORDENES;2;;;;;;;;;;;;;;
CONTD00254;ALTAMIRA;23;;;;;;;;;;;;;;
CONTD00583;FERROL;25;;;;;;;;;;;;;;
CONTD00733;SANTANDER;14;;;;;;;;;;;;;;
CONTD00591;HUELVA;29;;;;;;;;;;;;;;
CONTD00208;HUELVA;17;;;;;;;;;;;;;;
CONTD00289;PORTO MARGHERA;13;;;;;;;;;;;;;;
CONTD00653;PORTO MARGHERA;22;;;;;;;;;;;;;;
CONTD00259;A ORDENES;14;;;;;;;;;;;;;;
CONTD00157;BAYONNE;20;;;;;;;;;;;;;;
CONTD00302;PORTO MARGHERA;27;;;;;;;;;;;;;;
CONTD00764;A ORDENES;19;;;;;;;;;;;;;;
CONTD00442;ALTAMIRA;12;;;;;;;;;;;;;;
CONTD00972;FERROL;12;;;;;;;;;;;;;;
CONTD00348;KOVERHAR;21;;;;;;;;;;;;;;
CONTD00191;CASTELLON;17;;;;;;;;;;;;;;
CONTD00585;SALERNO;20;;;;;;;;;;;;;;
CONTD00173;PORTO MARGHERA;9;;;;;;;;;;;;;;
CONTD00684;PORTO MARGHERA;26;;;;;;;;;;;;;;
CONTD00696;LUGO;6;;;;;;;;;;;;;;
CONTD0012;SZCZECIN;11;;;;;;;;;;;;;;
CONTD00997;SZCZECIN;5;;;;;;;;;;;;;;
CONTD00173;HUELVA;13;;;;;;;;;;;;;;
CONTD00475;KOVERHAR;16;;;;;;;;;;;;;;
CONTD0065;FERROL;22;;;;;;;;;;;;;;
CONTD00763;HUELVA;12;;;;;;;;;;;;;;
CONTD00387;ALTAMIRA;2;;;;;;;;;;;;;;
CONTD00700;BARREIRO;18;;;;;;;;;;;;;;
CONTD00896;FERROL;20;;;;;;;;;;;;;;
CONTD00218;PORTO MARGHERA;16;;;;;;;;;;;;;;
CONTD0022;PASAJES;25;;;;;;;;;;;;;;
CONTD0028;LUGO;9;;;;;;;;;;;;;;
CONTD00781;BAYONNE;24;;;;;;;;;;;;;;
CONTD00102;A ORDENES;23;;;;;;;;;;;;;;
CONTD00124;SANTANDER;2;;;;;;;;;;;;;;
CONTD00888;ALTAMIRA;24;;;;;;;;;;;;;;
CONTD00490;BARREIRO;14;;;;;;;;;;;;;;
CONTD0056;ALTAMIRA;17;;;;;;;;;;;;;;
CONTD00417;SALERNO;30;;;;;;;;;;;;;;
CONTD00457;ALTAMIRA;7;;;;;;;;;;;;;;
CONTD00273;LUGO;31;;;;;;;;;;;;;;
CONTD00427;ALTAMIRA;11;;;;;;;;;;;;;;
CONTD00359;LUGO;25;;;;;;;;;;;;;;
CONTD00454;A ORDENES;16;;;;;;;;;;;;;;
CONTD00700;SANTANDER;23;;;;;;;;;;;;;;
CONTD00629;KOVERHAR;15;;;;;;;;;;;;;;
CONTD00101;SALERNO;19;;;;;;;;;;;;;;
CONTD00381;PASAJES;19;;;;;;;;;;;;;;
CONTD00877;PASAJES;4;;;;;;;;;;;;;;
CONTD00936;BARREIRO;2;;;;;;;;;;;;;;
CONTD0097;PASAJES;24;;;;;;;;;;;;;;
CONTD00307;PORTO MARGHERA;5;;;;;;;;;;;;;;
CONTD00728;KOVERHAR;26;;;;;;;;;;;;;;
CONTD00774;BARREIRO;11;;;;;;;;;;;;;;
CONTD00957;ALTAMIRA;23;;;;;;;;;;;;;;
CONTD00661;BARREIRO;15;;;;;;;;;;;;;;
CONTD00145;PASAJES;23;;;;;;;;;;;;;;
CONTD00794;LUGO;14;;;;;;;;;;;;;;
CONTD00744;SZCZECIN;22;;;;;;;;;;;;;;
CONTD00215;PASAJES;2;;;;;;;;;;;;;;
CONTD00475;SALERNO;27;;;;;;;;;;;;;;
CONTD00931;SANTANDER;9;;;;;;;;;;;;;;
CONTD00530;KOVERHAR;9;;;;;;;;;;;;;;
CONTD00577;BARREIRO;14;;;;;;;;;;;;;;
CONTD00257;FERROL;9;;;;;;;;;;;;;;
CONTD0081;FERROL;23;;;;;;;;;;;;;;
CONTD00369;A ORDENES;11;;;;;;;;;;;;;;
CONTD00210;ALTAMIRA;27;;;;;;;;;;;;;;
CONTD00772;BARREIRO;27;;;;;;;;;;;;;;
CONTD00487;ALTAMIRA;27;;;;;;;;;;;;;;
CONTD00849;HUELVA;4;;;;;;;;;;;;;;
CONTD00432;LUGO;20;;;;;;;;;;;;;;
CONTD00234;PORTO MARGHERA;2;;;;;;;;;;;;;;
CONTD00534;SANTANDER;12;;;;;;;;;;;;;;
CONTD00134;HUELVA;13;;;;;;;;;;;;;;
CONTD0076;LUGO;12;;;;;;;;;;;;;;
CONTD00726;GDYNIA;10;;;;;;;;;;;;;;
CONTD00991;A ORDENES;21;;;;;;;;;;;;;;
CONTD0068;PASAJES;17;;;;;;;;;;;;;;
CONTD00263;PORTO MARGHERA;16;;;;;;;;;;;;;;
CONTD00556;LUGO;9;;;;;;;;;;;;;;
CONTD00546;SZCZECIN;23;;;;;;;;;;;;;;
CONTD00703;ALTAMIRA;11;;;;;;;;;;;;;;
CONTD00239;LUGO;16;;;;;;;;;;;;;;
CONTD00760;SANTANDER;31;;;;;;;;;;;;;;
CONTD00631;BAYONNE;18;;;;;;;;;;;;;;
CONTD00333;PASAJES;27;;;;;;;;;;;;;;
CONTD00274;HUELVA;16;;;;;;;;;;;;;;
CONTD00970;GDYNIA;18;;;;;;;;;;;;;;
CONTD00633;CASTELLON;8;;;;;;;;;;;;;;
CONTD00658;BAYONNE;11;;;;;;;;;;;;;;
CONTD00282;FERROL;11;;;;;;;;;;;;;;
CONTD00781;BARREIRO;4;;;;;;;;;;;;;;
CONTD0017;SZCZECIN;28;;;;;;;;;;;;;;
CONTD00963;CASTELLON;14;;;;;;;;;;;;;;
CONTD00535;ALTAMIRA;8;;;;;;;;;;;;;;
CONTD00401;CASTELLON;26;;;;;;;;;;;;;;
CONTD00454;HUELVA;26;;;;;;;;;;;;;;
CONTD00457;BAYONNE;12;;;;;;;;;;;;;;
CONTD00715;FERROL;16;;;;;;;;;;;;;;
CONTD00329;ALTAMIRA;16;;;;;;;;;;;;;;
CONTD00927;SANTANDER;13;;;;;;;;;;;;;;
CONTD001;KOVERHAR;25;;;;;;;;;;;;;;
CONTD00760;KOVERHAR;30;;;;;;;;;;;;;;
CONTD0099;SALERNO;3;;;;;;;;;;;;;;
CONTD0079;PASAJES;14;;;;;;;;;;;;;;
CONTD0013;SZCZECIN;18;;;;;;;;;;;;;;
CONTD00905;PASAJES;16;;;;;;;;;;;;;;
CONTD0036;GDYNIA;19;;;;;;;;;;;;;;
CONTD0018;KOVERHAR;5;;;;;;;;;;;;;;
CONTD00911;KOVERHAR;15;;;;;;;;;;;;;;
CONTD00322;SANTANDER;17;;;;;;;;;;;;;;
CONTD00471;A ORDENES;3;;;;;;;;;;;;;;
CONTD00725;BAYONNE;29;;;;;;;;;;;;;;
CONTD00661;SANTANDER;19;;;;;;;;;;;;;;
CONTD00916;SZCZECIN;17;;;;;;;;;;;;;;
CONTD00937;PORTO MARGHERA;13;;;;;;;;;;;;;;
CONTD00704;SANTANDER;21;;;;;;;;;;;;;;
CONTD00478;HUELVA;22;;;;;;;;;;;;;;
CONTD00274;BAYONNE;14;;;;;;;;;;;;;;
CONTD00496;SANTANDER;12;;;;;;;;;;;;;;
CONTD00463;A ORDENES;16;;;;;;;;;;;;;;
CONTD00906;FERROL;15;;;;;;;;;;;;;;
CONTD0081;KOVERHAR;24;;;;;;;;;;;;;;
CONTD00460;PASAJES;22;;;;;;;;;;;;;;
CONTD00721;SANTANDER;6;;;;;;;;;;;;;;
CONTD00479;SANTANDER;23;;;;;;;;;;;;;;
CONTD00148;SZCZECIN;10;;;;;;;;;;;;;;
CONTD00667;BAYONNE;20;;;;;;;;;;;;;;
CONTD00879;PASAJES;28;;;;;;;;;;;;;;
CONTD00651;ALTAMIRA;27;;;;;;;;;;;;;;
CONTD00363;LUGO;22;;;;;;;;;;;;;;
CONTD00614;GDYNIA;23;;;;;;;;;;;;;;
CONTD00337;PASAJES;8;;;;;;;;;;;;;;
CONTD00435;LUGO;16;;;;;;;;;;;;;;
CONTD00233;KOVERHAR;22;;;;;;;;;;;;;;
CONTD00654;HUELVA;12;;;;;;;;;;;;;;
CONTD00592;PASAJES;26;;;;;;;;;;;;;;
CONTD00249;ALTAMIRA;7;;;;;;;;;;;;;;
CONTD00514;SANTANDER;3;;;;;;;;;;;;;;
CONTD00485;A ORDENES;19;;;;;;;;;;;;;;
CONTD00498;PASAJES;28;;;;;;;;;;;;;;
CONTD0056;LUGO;7;;;;;;;;;;;;;;
CONTD00245;CASTELLON;27;;;;;;;;;;;;;;
CONTD00274;FERROL;9;;;;;;;;;;;;;;
CONTD00747;PASAJES;14;;;;;;;;;;;;;;
CONTD00223;BAYONNE;27;;;;;;;;;;;;;;
CONTD00480;GDYNIA;15;;;;;;;;;;;;;;
CONTD00210;SZCZECIN;31;;;;;;;;;;;;;;
CONTD00506;A ORDENES;9;;;;;;;;;;;;;;
CONTD00768;BAYONNE;4;;;;;;;;;;;;;;
CONTD00956;SZCZECIN;9;;;;;;;;;;;;;;
CONTD0052;ALTAMIRA;2;;;;;;;;;;;;;;
CONTD00307;FERROL;29;;;;;;;;;;;;;;
CONTD00513;CASTELLON;31;;;;;;;;;;;;;;
CONTD00663;ALTAMIRA;27;;;;;;;;;;;;;;
CONTD00743;LUGO;16;;;;;;;;;;;;;;
CONTD00138;PORTO MARGHERA;28;;;;;;;;;;;;;;
CONTD00278;SZCZECIN;8;;;;;;;;;;;;;;
CONTD00642;SZCZECIN;15;;;;;;;;;;;;;;
CONTD00816;FERROL;11;;;;;;;;;;;;;;
CONTD00537;PASAJES;8;;;;;;;;;;;;;;
CONTD00412;FERROL;15;;;;;;;;;;;;;;
CONTD0091;PASAJES;8;;;;;;;;;;;;;;
CONTD00657;ALTAMIRA;29;;;;;;;;;;;;;;
CONTD00890;CASTELLON;10;;;;;;;;;;;;;;
CONTD00779;BAYONNE;5;;;;;;;;;;;;;;
CONTD00316;ALTAMIRA;4;;;;;;;;;;;;;;
CONTD00460;A ORDENES;6;;;;;;;;;;;;;;
CONTD00114;A ORDENES;27;;;;;;;;;;;;;;
CONTD00376;GDYNIA;17;;;;;;;;;;;;;;
CONTD00142;KOVERHAR;29;;;;;;;;;;;;;;
CONTD00808;FERROL;13;;;;;;;;;;;;;;
CONTD00271;PASAJES;11;;;;;;;;;;;;;;
CONTD0074;PORTO MARGHERA;24;;;;;;;;;;;;;;
CONTD00916;KOVERHAR;18;;;;;;;;;;;;;;
CONTD00117;FERROL;13;;;;;;;;;;;;;;
CONTD00318;PORTO MARGHERA;6;;;;;;;;;;;;;;
CONTD00255;HUELVA;26;;;;;;;;;;;;;;
CONTD0085;SALERNO;7;;;;;;;;;;;;;;
CONTD00669;A ORDENES;27;;;;;;;;;;;;;;
CONTD00549;BARREIRO;3;;;;;;;;;;;;;;
CONTD00558;SZCZECIN;28;;;;;;;;;;;;;;
CONTD00345;BARREIRO;25;;;;;;;;;;;;;;
CONTD00824;HUELVA;22;;;;;;;;;;;;;;
CONTD00763;PORTO MARGHERA;22;;;;;;;;;;;;;;
CONTD00783;PASAJES;6;;;;;;;;;;;;;;
CONTD00886;FERROL;17;;;;;;;;;;;;;;
CONTD00825;LUGO;2;;;;;;;;;;;;;;
CONTD00789;LUGO;6;;;;;;;;;;;;;;
CONTD00317;HUELVA;29;;;;;;;;;;;;;;
CONTD0049;BARREIRO;10;;;;;;;;;;;;;;
CONTD0088;HUELVA;2;;;;;;;;;;;;;;
CONTD00423;SANTANDER;5;;;;;;;;;;;;;;
CONTD00646;SANTANDER;20;;;;;;;;;;;;;;
CONTD00384;ALTAMIRA;13;;;;;;;;;;;;;;
CONTD00939;PASAJES;20;;;;;;;;;;;;;;
CONTD00543;A ORDENES;29;;;;;;;;;;;;;;
CONTD00695;HUELVA;6;;;;;;;;;;;;;;
CONTD00829;BAYONNE;30;;;;;;;;;;;;;;
CONTD00732;FERROL;24;;;;;;;;;;;;;;
CONTD00284;BAYONNE;13;;;;;;;;;;;;;;
CONTD00744;A ORDENES;5;;;;;;;;;;;;;;
CONTD00821;ALTAMIRA;2;;;;;;;;;;;;;;
CONTD00608;FERROL;10;;;;;;;;;;;;;;
CONTD00876;SANTANDER;29;;;;;;;;;;;;;;
CONTD00893;HUELVA;5;;;;;;;;;;;;;;
CONTD0010;HUELVA;31;;;;;;;;;;;;;;
CONTD00922;PORTO MARGHERA;12;;;;;;;;;;;;;;
CONTD0062;PORTO MARGHERA;3;;;;;;;;;;;;;;
CONTD00759;A ORDENES;28;;;;;;;;;;;;;;
CONTD00952;BAYONNE;22;;;;;;;;;;;;;;
CONTD00190;PORTO MARGHERA;11;;;;;;;;;;;;;;
CONTD00861;A ORDENES;29;;;;;;;;;;;;;;
CONTD00855;ALTAMIRA;20;;;;;;;;;;;;;;
CONTD00752;FERROL;22;;;;;;;;;;;;;;
CONTD00122;KOVERHAR;8;;;;;;;;;;;;;;
CONTD00434;CASTELLON;21;;;;;;;;;;;;;;
CONTD00290;SALERNO;6;;;;;;;;;;;;;;
CONTD00813;PORTO MARGHERA;13;;;;;;;;;;;;;;
CONTD00303;PORTO MARGHERA;15;;;;;;;;;;;;;;
CONTD00379;LUGO;22;;;;;;;;;;;;;;
CONTD00234;SZCZECIN;29;;;;;;;;;;;;;;
CONTD00240;SZCZECIN;6;;;;;;;;;;;;;;
CONTD0074;HUELVA;28;;;;;;;;;;;;;;
CONTD00537;KOVERHAR;13;;;;;;;;;;;;;;
CONTD00999;FERROL;24;;;;;;;;;;;;;;
CONTD00518;HUELVA;18;;;;;;;;;;;;;;
CONTD00253;ALTAMIRA;7;;;;;;;;;;;;;;
CONTD0036;BARREIRO;14;;;;;;;;;;;;;;
CONTD00942;FERROL;15;;;;;;;;;;;;;;
CONTD00763;PORTO MARGHERA;29;;;;;;;;;;;;;;
CONTD00802;PASAJES;23;;;;;;;;;;;;;;
CONTD00820;LUGO;16;;;;;;;;;;;;;;
CONTD00485;BAYONNE;13;;;;;;;;;;;;;;
CONTD00460;A ORDENES;8;;;;;;;;;;;;;;
CONTD00237;SANTANDER;13;;;;;;;;;;;;;;
CONTD00498;ALTAMIRA;2;;;;;;;;;;;;;;
CONTD0036;BARREIRO;24;;;;;;;;;;;;;;
CONTD00641;ALTAMIRA;8;;;;;;;;;;;;;;
CONTD00451;SALERNO;3;;;;;;;;;;;;;;
CONTD00472;ALTAMIRA;2;;;;;;;;;;;;;;
CONTD00826;LUGO;31;;;;;;;;;;;;;;
CONTD00132;ALTAMIRA;20;;;;;;;;;;;;;;
CONTD00585;LUGO;27;;;;;;;;;;;;;;
CONTD00560;A ORDENES;11;;;;;;;;;;;;;;
CONTD00928;SANTANDER;9;;;;;;;;;;;;;;
CONTD00322;KOVERHAR;9;;;;;;;;;;;;;;
CONTD00629;SALERNO;20;;;;;;;;;;;;;;
CONTD00615;PASAJES;6;;;;;;;;;;;;;;
CONTD00203;PASAJES;24;;;;;;;;;;;;;;
CONTD00822;BARREIRO;31;;;;;;;;;;;;;;
CONTD00398;PASAJES;6;;;;;;;;;;;;;;
CONTD00610;PORTO MARGHERA;19;;;;;;;;;;;;;;
CONTD00668;KOVERHAR;29;;;;;;;;;;;;;;
CONTD00167;BARREIRO;5;;;;;;;;;;;;;;
CONTD00604;ALTAMIRA;14;;;;;;;;;;;;;;
CONTD00581;BARREIRO;17;;;;;;;;;;;;;;
CONTD00429;PASAJES;28;;;;;;;;;;;;;;
CONTD00514;LUGO;25;;;;;;;;;;;;;;
CONTD00358;SZCZECIN;20;;;;;;;;;;;;;;
CONTD00576;PASAJES;13;;;;;;;;;;;;;;
CONTD00337;SALERNO;2;;;;;;;;;;;;;;
CONTD0010;SANTANDER;3;;;;;;;;;;;;;;
CONTD00133;KOVERHAR;27;;;;;;;;;;;;;;
CONTD00187;BARREIRO;17;;;;;;;;;;;;;;
CONTD00567;FERROL;8;;;;;;;;;;;;;;
CONTD0029;FERROL;25;;;;;;;;;;;;;;
CONTD00950;A ORDENES;2;;;;;;;;;;;;;;
CONTD00986;ALTAMIRA;6;;;;;;;;;;;;;;
CONTD00317;BARREIRO;2;;;;;;;;;;;;;;
CONTD00696;ALTAMIRA;15;;;;;;;;;;;;;;
CONTD00652;HUELVA;7;;;;;;;;;;;;;;
CONTD00621;LUGO;29;;;;;;;;;;;;;;
CONTD00572;PORTO MARGHERA;29;;;;;;;;;;;;;;
CONTD00103;SANTANDER;2;;;;;;;;;;;;;;
CONTD00666;HUELVA;27;;;;;;;;;;;;;;
CONTD0041;LUGO;22;;;;;;;;;;;;;;
CONTD00880;GDYNIA;29;;;;;;;;;;;;;;
CONTD00366;A ORDENES;16;;;;;;;;;;;;;;
CONTD00344;PASAJES;13;;;;;;;;;;;;;;
CONTD00865;PORTO MARGHERA;21;;;;;;;;;;;;;;
CONTD00917;LUGO;20;;;;;;;;;;;;;;
CONTD00870;SZCZECIN;26;;;;;;;;;;;;;;
CONTD00843;ALTAMIRA;8;;;;;;;;;;;;;;
CONTD00492;LUGO;8;;;;;;;;;;;;;;
CONTD00871;SANTANDER;28;;;;;;;;;;;;;;
CONTD00727;BAYONNE;28;;;;;;;;;;;;;;
CONTD00663;PASAJES;15;;;;;;;;;;;;;;
CONTD00356;HUELVA;9;;;;;;;;;;;;;;
CONTD00992;GDYNIA;24;;;;;;;;;;;;;;
CONTD00957;CASTELLON;21;;;;;;;;;;;;;;
CONTD00486;BAYONNE;20;;;;;;;;;;;;;;
CONTD00183;FERROL;4;;;;;;;;;;;;;;
CONTD00651;BARREIRO;20;;;;;;;;;;;;;;
CONTD00725;SZCZECIN;29;;;;;;;;;;;;;;
CONTD00108;CASTELLON;11;;;;;;;;;;;;;;
CONTD00786;ALTAMIRA;25;;;;;;;;;;;;;;
CONTD00457;CASTELLON;12;;;;;;;;;;;;;;
CONTD00343;HUELVA;10;;;;;;;;;;;;;;
CONTD00638;BAYONNE;1;;;;;;;;;;;;;;
CONTD00609;FERROL;8;;;;;;;;;;;;;;
CONTD00630;ALTAMIRA;3;;;;;;;;;;;;;;
CONTD00126;SANTANDER;10;;;;;;;;;;;;;;
CONTD00642;KOVERHAR;5;;;;;;;;;;;;;;
CONTD00981;KOVERHAR;11;;;;;;;;;;;;;;
CONTD0024;SALERNO;20;;;;;;;;;;;;;;
CONTD00201;PASAJES;28;;;;;;;;;;;;;;
CONTD00139;SZCZECIN;2;;;;;;;;;;;;;;
CONTD00306;PASAJES;3;;;;;;;;;;;;;;
CONTD00666;GDYNIA;5;;;;;;;;;;;;;;
CONTD00731;KOVERHAR;22;;;;;;;;;;;;;;
CONTD00899;KOVERHAR;12;;;;;;;;;;;;;;
CONTD00350;SANTANDER;11;;;;;;;;;;;;;;
CONTD00800;A ORDENES;21;;;;;;;;;;;;;;
CONTD00108;BAYONNE;4;;;;;;;;;;;;;;
CONTD0062;SANTANDER;2;;;;;;;;;;;;;;
CONTD00121;SZCZECIN;29;;;;;;;;;;;;;;
CONTD00445;PORTO MARGHERA;17;;;;;;;;;;;;;;
CONTD00380;SANTANDER;19;;;;;;;;;;;;;;
CONTD00977;HUELVA;28;;;;;;;;;;;;;;
CONTD00849;BAYONNE;23;;;;;;;;;;;;;;
CONTD00499;SANTANDER;13;;;;;;;;;;;;;;
CONTD00100;A ORDENES;27;;;;;;;;;;;;;;
CONTD00354;FERROL;15;;;;;;;;;;;;;;
CONTD00944;KOVERHAR;18;;;;;;;;;;;;;;
CONTD00542;PASAJES;23;;;;;;;;;;;;;;
CONTD00925;SANTANDER;9;;;;;;;;;;;;;;
CONTD00843;SANTANDER;16;;;;;;;;;;;;;;
CONTD00694;SZCZECIN;7;;;;;;;;;;;;;;
CONTD00678;BAYONNE;14;;;;;;;;;;;;;;
CONTD00856;PASAJES;16;;;;;;;;;;;;;;
CONTD00403;ALTAMIRA;4;;;;;;;;;;;;;;
CONTD00111;LUGO;29;;;;;;;;;;;;;;
CONTD00866;GDYNIA;29;;;;;;;;;;;;;;
CONTD00957;PASAJES;8;;;;;;;;;;;;;;
CONTD00413;LUGO;20;;;;;;;;;;;;;;
CONTD00753;KOVERHAR;7;;;;;;;;;;;;;;
CONTD00887;HUELVA;7;;;;;;;;;;;;;;
CONTD00881;PASAJES;16;;;;;;;;;;;;;;
CONTD00612;ALTAMIRA;31;;;;;;;;;;;;;;
CONTD00735;SANTANDER;19;;;;;;;;;;;;;;
CONTD00595;A ORDENES;5;;;;;;;;;;;;;;
CONTD00289;PASAJES;26;;;;;;;;;;;;;;
CONTD00577;LUGO;6;;;;;;;;;;;;;;
CONTD00585;CASTELLON;28;;;;;;;;;;;;;;
CONTD00850;FERROL;11;;;;;;;;;;;;;;
CONTD00256;PASAJES;12;;;;;;;;;;;;;;
CONTD00533;BAYONNE;27;;;;;;;;;;;;;;
CONTD0041;GDYNIA;17;;;;;;;;;;;;;;
CONTD00811;SZCZECIN;6;;;;;;;;;;;;;;
CONTD00476;A ORDENES;31;;;;;;;;;;;;;;
CONTD00740;BAYONNE;14;;;;;;;;;;;;;;
CONTD00557;SZCZECIN;19;;;;;;;;;;;;;;
CONTD0079;ALTAMIRA;6;;;;;;;;;;;;;;
CONTD00866;FERROL;23;;;;;;;;;;;;;;
CONTD00803;CASTELLON;9;;;;;;;;;;;;;;
CONTD00563;ALTAMIRA;21;;;;;;;;;;;;;;
CONTD00469;LUGO;13;;;;;;;;;;;;;;
CONTD00623;PORTO MARGHERA;11;;;;;;;;;;;;;;
CONTD0081;SZCZECIN;15;;;;;;;;;;;;;;
CONTD00763;SZCZECIN;8;;;;;;;;;;;;;;
CONTD00332;FERROL;24;;;;;;;;;;;;;;
CONTD00368;PASAJES;7;;;;;;;;;;;;;;
CONTD00112;FERROL;8;;;;;;;;;;;;;;
CONTD00691;PASAJES;2;;;;;;;;;;;;;;
CONTD00448;ALTAMIRA;26;;;;;;;;;;;;;;
CONTD00903;CASTELLON;16;;;;;;;;;;;;;;
CONTD00337;BAYONNE;24;;;;;;;;;;;;;;
CONTD00494;ALTAMIRA;9;;;;;;;;;;;;;;
CONTD00162;A ORDENES;8;;;;;;;;;;;;;;
CONTD00641;A ORDENES;6;;;;;;;;;;;;;;
CONTD00543;GDYNIA;30;;;;;;;;;;;;;;
CONTD00470;KOVERHAR;24;;;;;;;;;;;;;;
CONTD0073;FERROL;2;;;;;;;;;;;;;;
CONTD0073;PASAJES;19;;;;;;;;;;;;;;
CONTD00431;PORTO MARGHERA;22;;;;;;;;;;;;;;
CONTD00666;KOVERHAR;8;;;;;;;;;;;;;;
CONTD00715;FERROL;21;;;;;;;;;;;;;;
CONTD00498;PORTO MARGHERA;18;;;;;;;;;;;;;;
CONTD00891;HUELVA;2;;;;;;;;;;;;;;
CONTD00130;SALERNO;31;;;;;;;;;;;;;;
CONTD0082;A ORDENES;19;;;;;;;;;;;;;;
CONTD0077;BARREIRO;1;;;;;;;;;;;;;;
CONTD00723;SZCZECIN;18;;;;;;;;;;;;;;
CONTD00492;BARREIRO;9;;;;;;;;;;;;;;
CONTD00179;HUELVA;25;;;;;;;;;;;;;;
CONTD00577;PORTO MARGHERA;21;;;;;;;;;;;;;;
CONTD00634;PASAJES;16;;;;;;;;;;;;;;
CONTD00774;FERROL;7;;;;;;;;;;;;;;
CONTD00147;LUGO;11;;;;;;;;;;;;;;
CONTD00453;LUGO;7;;;;;;;;;;;;;;
CONTD00592;HUELVA;5;;;;;;;;;;;;;;
CONTD00113;BARREIRO;1;;;;;;;;;;;;;;
CONTD00798;HUELVA;5;;;;;;;;;;;;;;
CONTD00283;SANTANDER;28;;;;;;;;;;;;;;
CONTD00152;SANTANDER;16;;;;;;;;;;;;;;
CONTD00863;ALTAMIRA;30;;;;;;;;;;;;;;
CONTD00385;PASAJES;24;;;;;;;;;;;;;;
CONTD0069;A ORDENES;26;;;;;;;;;;;;;;
CONTD00475;HUELVA;14;;;;;;;;;;;;;;
CONTD00479;BAYONNE;6;;;;;;;;;;;;;;
CONTD0044;FERROL;20;;;;;;;;;;;;;;
CONTD00953;BAYONNE;4;;;;;;;;;;;;;;
CONTD00834;A ORDENES;29;;;;;;;;;;;;;;
CONTD0080;ALTAMIRA;22;;;;;;;;;;;;;;
CONTD00100;FERROL;3;;;;;;;;;;;;;;
CONTD00974;SANTANDER;16;;;;;;;;;;;;;;
CONTD00954;HUELVA;17;;;;;;;;;;;;;;
CONTD00397;HUELVA;28;;;;;;;;;;;;;;
CONTD00271;PORTO MARGHERA;25;;;;;;;;;;;;;;
CONTD00567;PORTO MARGHERA;10;;;;;;;;;;;;;;
CONTD00277;A ORDENES;2;;;;;;;;;;;;;;
CONTD00797;BAYONNE;16;;;;;;;;;;;;;;
CONTD00181;PORTO MARGHERA;28;;;;;;;;;;;;;;
CONTD00695;A ORDENES;30;;;;;;;;;;;;;;
CONTD0095;ALTAMIRA;12;;;;;;;;;;;;;;
CONTD00191;FERROL;23;;;;;;;;;;;;;;
CONTD00501;KOVERHAR;25;;;;;;;;;;;;;;
CONTD00185;CASTELLON;4;;;;;;;;;;;;;;
CONTD00768;SALERNO;30;;;;;;;;;;;;;;
CONTD00702;PORTO MARGHERA;8;;;;;;;;;;;;;;
CONTD00698;PORTO MARGHERA;2;;;;;;;;;;;;;;
CONTD00872;LUGO;14;;;;;;;;;;;;;;
CONTD00931;SZCZECIN;28;;;;;;;;;;;;;;
CONTD00971;SZCZECIN;12;;;;;;;;;;;;;;
CONTD00543;HUELVA;2;;;;;;;;;;;;;;
CONTD00579;KOVERHAR;16;;;;;;;;;;;;;;
CONTD00411;FERROL;5;;;;;;;;;;;;;;
CONTD00422;HUELVA;26;;;;;;;;;;;;;;
CONTD0041;ALTAMIRA;22;;;;;;;;;;;;;;
CONTD00557;BARREIRO;22;;;;;;;;;;;;;;
CONTD00804;FERROL;9;;;;;;;;;;;;;;
CONTD0082;PORTO MARGHERA;20;;;;;;;;;;;;;;
CONTD00388;PASAJES;2;;;;;;;;;;;;;;
CONTD00780;LUGO;18;;;;;;;;;;;;;;
CONTD00269;BAYONNE;14;;;;;;;;;;;;;;
CONTD00870;A ORDENES;25;;;;;;;;;;;;;;
CONTD00519;SANTANDER;21;;;;;;;;;;;;;;
CONTD00781;ALTAMIRA;4;;;;;;;;;;;;;;
CONTD00139;BARREIRO;5;;;;;;;;;;;;;;
CONTD00525;ALTAMIRA;15;;;;;;;;;;;;;;
CONTD00437;SALERNO;18;;;;;;;;;;;;;;
CONTD00159;ALTAMIRA;31;;;;;;;;;;;;;;
CONTD00307;LUGO;17;;;;;;;;;;;;;;
CONTD00558;ALTAMIRA;12;;;;;;;;;;;;;;
CONTD00986;LUGO;8;;;;;;;;;;;;;;
CONTD00582;A ORDENES;19;;;;;;;;;;;;;;
CONTD0089;SANTANDER;29;;;;;;;;;;;;;;
CONTD00161;KOVERHAR;10;;;;;;;;;;;;;;
CONTD00398;SALERNO;19;;;;;;;;;;;;;;
CONTD00373;PASAJES;4;;;;;;;;;;;;;;
CONTD00509;PASAJES;19;;;;;;;;;;;;;;
CONTD00895;BARREIRO;11;;;;;;;;;;;;;;
CONTD00426;PASAJES;25;;;;;;;;;;;;;;
CONTD00915;PORTO MARGHERA;24;;;;;;;;;;;;;;
CONTD00873;KOVERHAR;6;;;;;;;;;;;;;;
CONTD00548;BARREIRO;6;;;;;;;;;;;;;;
CONTD00741;ALTAMIRA;17;;;;;;;;;;;;;;
CONTD00440;BARREIRO;26;;;;;;;;;;;;;;
CONTD00442;PASAJES;30;;;;;;;;;;;;;;
CONTD00955;LUGO;18;;;;;;;;;;;;;;
CONTD00141;SZCZECIN;6;;;;;;;;;;;;;;
CONTD00775;PASAJES;30;;;;;;;;;;;;;;
CONTD00663;SALERNO;2;;;;;;;;;;;;;;
CONTD00714;SANTANDER;27;;;;;;;;;;;;;;
CONTD0058;KOVERHAR;7;;;;;;;;;;;;;;
CONTD00639;BARREIRO;15;;;;;;;;;;;;;;
CONTD00787;FERROL;2;;;;;;;;;;;;;;
CONTD00987;FERROL;13;;;;;;;;;;;;;;
CONTD00234;A ORDENES;10;;;;;;;;;;;;;;
CONTD00639;ALTAMIRA;19;;;;;;;;;;;;;;
CONTD00994;BARREIRO;6;;;;;;;;;;;;;;
CONTD00378;ALTAMIRA;19;;;;;;;;;;;;;;
CONTD00855;HUELVA;3;;;;;;;;;;;;;;
CONTD00638;LUGO;11;;;;;;;;;;;;;;
CONTD00296;PORTO MARGHERA;8;;;;;;;;;;;;;;
CONTD00892;SANTANDER;7;;;;;;;;;;;;;;
CONTD00932;HUELVA;16;;;;;;;;;;;;;;
CONTD00467;LUGO;14;;;;;;;;;;;;;;
CONTD00449;GDYNIA;27;;;;;;;;;;;;;;
CONTD0060;A ORDENES;12;;;;;;;;;;;;;;
CONTD00620;PASAJES;28;;;;;;;;;;;;;;
CONTD00630;PORTO MARGHERA;3;;;;;;;;;;;;;;
CONTD00241;LUGO;2;;;;;;;;;;;;;;
CONTD00356;SZCZECIN;18;;;;;;;;;;;;;;
CONTD00199;ALTAMIRA;5;;;;;;;;;;;;;;
CONTD0041;LUGO;20;;;;;;;;;;;;;;
CONTD00135;SANTANDER;19;;;;;;;;;;;;;;
CONTD0076;BAYONNE;17;;;;;;;;;;;;;;
CONTD00459;PASAJES;15;;;;;;;;;;;;;;
CONTD00384;HUELVA;10;;;;;;;;;;;;;;
CONTD00697;GDYNIA;4;;;;;;;;;;;;;;
CONTD00250;CASTELLON;6;;;;;;;;;;;;;;
CONTD00679;BAYONNE;24;;;;;;;;;;;;;;
CONTD00756;FERROL;25;;;;;;;;;;;;;;
CONTD00945;BARREIRO;4;;;;;;;;;;;;;;
CONTD00729;SZCZECIN;17;;;;;;;;;;;;;;
CONTD00752;CASTELLON;14;;;;;;;;;;;;;;
CONTD00530;ALTAMIRA;4;;;;;;;;;;;;;;
CONTD00334;CASTELLON;23;;;;;;;;;;;;;;
CONTD00492;HUELVA;22;;;;;;;;;;;;;;
CONTD00400;BAYONNE;30;;;;;;;;;;;;;;
CONTD0022;FERROL;29;;;;;;;;;;;;;;
CONTD00821;ALTAMIRA;6;;;;;;;;;;;;;;
CONTD00371;SANTANDER;7;;;;;;;;;;;;;;
CONTD00129;KOVERHAR;10;;;;;;;;;;;;;;
CONTD00947;KOVERHAR;12;;;;;;;;;;;;;;
CONTD00310;SALERNO;30;;;;;;;;;;;;;;
CONTD00331;PASAJES;27;;;;;;;;;;;;;;
CONTD00853;SZCZECIN;18;;;;;;;;;;;;;;
CONTD00287;PASAJES;25;;;;;;;;;;;;;;
CONTD00865;GDYNIA;15;;;;;;;;;;;;;;
CONTD00873;KOVERHAR;19;;;;;;;;;;;;;;
CONTD00432;KOVERHAR;;;;;;;;;;;;;;;
;;;;;;;;;;;;;;;;
;;;;;;;;;;;;;;;;
;;;;;;;;;;;;;;;;
;;;;;;;;;;;;;;;;
;;;;;;;;;;;;;;;;
;;;;;;;;;;;;;;;;
;;;;;;;;;;;;;;;;
;;;;;;;;;;;;;;;;
;;;;;;;;;;;;;;;;
;;;;;;;;;;;;;;;;
;;;;;;;;;;;;;;;;
;;;;;;;;;;;;;;;;
;;;;;;;;;;;;;;;;
;;;;;;;;;;;;;;;;
;;;;;;;;;;;;;;;;
;;;;;;;;;;;;;;;;
;;;;;;;;;;;;;;;;
;;;;;;;;;;;;;;;;
;;;;;;;;;;;;;;;;
;;;;;;;;;;;;;;;;
;;;;;;;;;;;;;;;;
;;;;;;;;;;;;;;;;
;;;;;;;;;;;;;;;;
;;;;;;;;;;;;;;;;
;;;;;;;;;;;;;;;;
;;;;;;;;;;;;;;;;
;;;;;;;;;;;;;;;;
;;;;;;;;;;;;;;;;
;;;;;;;;;;;;;;;;
;;;;;;;;;;;;;;;;
;;;;;;;;;;;;;;;;
;;;;;;;;;;;;;;;;
;;;;;;;;;;;;;;;;
;;;;;;;;;;;;;;;;
;;;;;;;;;;;;;;;;
;;;;;;;;;;;;;;;;
;;;;;;;;;;;;;;;;
;;;;;;;;;;;;;;;;
;;;;;;;;;;;;;;;;
;;;;;;;;;;;;;;;;
;;;;;;;;;;;;;;;;
;;;;;;;;;;;;;;;;
;;;;;;;;;;;;;;;;
;;;;;;;;;;;;;;;;
;;;;;;;;;;;;;;;;
;;;;;;;;;;;;;;;;
;;;;;;;;;;;;;;;;
;;;;;;;;;;;;;;;;
;;;;;;;;;;;;;;;;
;;;;;;;;;;;;;;;;
;;;;;;;;;;;;;;;;
;;;;;;;;;;;;;;;;
;;;;;;;;;;;;;;;;
;;;;;;;;;;;;;;;;
;;;;;;;;;;;;;;;;
;;;;;;;;;;;;;;;;
;;;;;;;;;;;;;;;;
;;;;;;;;;;;;;;;;
;;;;;;;;;;;;;;;;
;;;;;;;;;;;;;;;;
;;;;;;;;;;;;;;;;
;;;;;;;;;;;;;;;;
;;;;;;;;;;;;;;;;
;;;;;;;;;;;;;;;;
;;;;;;;;;;;;;;;;
;;;;;;;;;;;;;;;;
;;;;;;;;;;;;;;;;
;;;;;;;;;;;;;;;;
;;;;;;;;;;;;;;;;
;;;;;;;;;;;;;;;;
;;;;;;;;;;;;;;;;
;;;;;;;;;;;;;;;;
;;;;;;;;;;;;;;;;
;;;;;;;;;;;;;;;;
;;;;;;;;;;;;;;;;
;;;;;;;;;;;;;;;;
;;;;;;;;;;;;;;;;
;;;;;;;;;;;;;;;;
;;;;;;;;;;;;;;;;
;;;;;;;;;;;;;;;;
;;;;;;;;;;;;;;;;
;;;;;;;;;;;;;;;;
;;;;;;;;;;;;;;;;
;;;;;;;;;;;;;;;;
;;;;;;;;;;;;;;;;
;;;;;;;;;;;;;;;;
;;;;;;;;;;;;;;;;
;;;;;;;;;;;;;;;;
;;;;;;;;;;;;;;;;
;;;;;;;;;;;;;;;;
;;;;;;;;;;;;;;;;
;;;;;;;;;;;;;;;;
;;;;;;;;;;;;;;;;
;;;;;;;;;;;;;;;;
;;;;;;;;;;;;;;;;
;;;;;;;;;;;;;;;;
;;;;;;;;;;;;;;;;
;;;;;;;;;;;;;;;;
;;;;;;;;;;;;;;;;
;;;;;;;;;;;;;;;;
;;;;;;;;;;;;;;;;
;;;;;;;;;;;;;;;;
;;;;;;;;;;;;;;;;
;;;;;;;;;;;;;;;;
;;;;;;;;;;;;;;;;
;;;;;;;;;;;;;;;;
;;;;;;;;;;;;;;;;
;;;;;;;;;;;;;;;;
;;;;;;;;;;;;;;;;
;;;;;;;;;;;;;;;;
;;;;;;;;;;;;;;;;
;;;;;;;;;;;;;;;;
;;;;;;;;;;;;;;;;
;;;;;;;;;;;;;;;;
;;;;;;;;;;;;;;;;
;;;;;;;;;;;;;;;;
;;;;;;;;;;;;;;;;
;;;;;;;;;;;;;;;;
;;;;;;;;;;;;;;;;
;;;;;;;;;;;;;;;;
;;;;;;;;;;;;;;;;
;;;;;;;;;;;;;;;;
;;;;;;;;;;;;;;;;
;;;;;;;;;;;;;;;;
;;;;;;;;;;;;;;;;
;;;;;;;;;;;;;;;;
;;;;;;;;;;;;;;;;
;;;;;;;;;;;;;;;;
;;;;;;;;;;;;;;;;
;;;;;;;;;;;;;;;;
;;;;;;;;;;;;;;;;
;;;;;;;;;;;;;;;;
;;;;;;;;;;;;;;;;
;;;;;;;;;;;;;;;;
;;;;;;;;;;;;;;;;
;;;;;;;;;;;;;;;;
;;;;;;;;;;;;;;;;
;;;;;;;;;;;;;;;;
;;;;;;;;;;;;;;;;
;;;;;;;;;;;;;;;;
;;;;;;;;;;;;;;;;
;;;;;;;;;;;;;;;;
;;;;;;;;;;;;;;;;
;;;;;;;;;;;;;;;;
;;;;;;;;;;;;;;;;
;;;;;;;;;;;;;;;;
;;;;;;;;;;;;;;;;
;;;;;;;;;;;;;;;;
;;;;;;;;;;;;;;;;
;;;;;;;;;;;;;;;;
;;;;;;;;;;;;;;;;
